,0,1,2,3
0,1,0,23,0.0
1,2,0,23,17.923594767246385
2,2,1,23,17.923594767246385
3,2,2,23,17.923594767246385
4,2,3,23,17.923594767246385
5,2,4,23,17.923594767246385
6,2,5,23,17.923594767246385
7,2,6,23,17.923594767246385
8,2,7,23,17.923594767246385
9,2,8,23,17.923594767246385
10,3,0,23,35.84718953449277
11,3,1,23,40.07837630072244
12,3,2,23,25.34779080631928
13,3,3,23,17.923594767246385
14,3,4,23,17.923594767246385
15,3,5,23,0.0
16,4,0,23,17.923594767246385
17,4,1,23,56.679383322374115
18,4,2,23,17.923594767246385
19,4,3,23,25.34779080631928
20,4,4,23,17.923594767246385
21,4,5,23,0.0
22,5,0,23,40.07837630072244
23,5,1,23,17.923594767246385
24,5,2,23,40.07837630072244
25,5,3,23,17.923594767246385
26,5,4,23,0.0
27,6,0,23,0.0
28,7,0,23,40.07837630072244
29,7,1,23,126.7389540315964
30,7,2,23,113.35876664474823
31,7,3,23,0.0
32,8,0,23,17.923594767246385
33,8,1,23,53.77078430173916
34,8,2,23,17.923594767246385
35,8,3,23,17.923594767246385
36,8,4,23,25.34779080631928
37,8,5,23,25.34779080631928
38,8,6,23,0.0
39,9,0,23,40.07837630072244
40,9,1,23,25.34779080631928
41,9,2,23,17.923594767246385
42,9,3,23,25.34779080631928
43,9,4,23,17.923594767246385
44,9,5,23,0.0
45,10,0,24,0.0
46,11,0,24,40.07837630072244
47,11,1,24,114.76700407607993
48,11,2,24,35.84718953449277
49,11,3,24,17.923594767246385
50,11,4,24,17.923594767246385
51,11,5,24,56.679383322374115
52,11,6,24,17.923594767246385
53,11,7,24,295.6034976644994
54,11,8,24,40.07837630072244
55,12,0,24,17.923594767246385
56,12,1,24,40.07837630072244
57,12,2,24,17.923594767246385
58,12,3,24,0.0
59,13,0,24,35.84718953449277
60,13,1,24,50.69558161263856
61,13,2,24,17.923594767246385
62,13,3,24,17.923594767246385
63,13,4,24,0.0
64,14,0,24,17.923594767246385
65,14,1,24,139.9877502219683
66,14,2,24,73.90087441612485
67,14,3,24,0.0
68,15,0,24,17.923594767246385
69,15,1,24,40.07837630072244
70,15,2,24,40.07837630072244
71,15,3,24,25.34779080631928
72,15,4,24,17.923594767246385
73,15,5,24,0.0
74,16,0,24,0.0
75,17,0,24,17.923594767246385
76,17,1,24,154.1845921425166
77,17,2,24,71.69437906898554
78,17,3,24,17.923594767246385
79,17,4,24,0.0
80,18,0,24,0.0
81,19,0,24,35.84718953449277
82,19,1,24,104.51161887051465
83,19,2,24,40.07837630072244
84,19,3,24,0.0
85,20,0,26,0.0
86,21,0,26,73.90087441612485
87,21,1,26,139.9877502219683
88,21,2,26,64.62443997394489
89,21,3,26,0.0
90,22,0,26,25.34779080631928
91,22,1,26,139.9877502219683
92,22,2,26,35.84718953449277
93,22,3,26,25.34779080631928
94,22,4,26,17.923594767246385
95,22,5,26,35.84718953449277
96,22,6,26,17.923594767246385
97,22,7,26,0.0
98,23,0,26,25.34779080631928
99,23,1,26,40.07837630072244
100,23,2,26,17.923594767246385
101,23,3,26,17.923594767246385
102,23,4,26,0.0
103,24,0,26,17.923594767246385
104,24,1,26,101.39116322527713
105,24,2,26,35.84718953449277
106,24,3,26,0.0
107,25,0,26,40.07837630072244
108,25,1,26,64.62443997394489
109,25,2,26,17.923594767246385
110,25,3,26,0.0
111,26,0,26,25.34779080631928
112,26,1,26,89.61797383623194
113,26,2,26,25.34779080631928
114,26,3,26,0.0
115,27,0,26,35.84718953449277
116,27,1,26,64.62443997394489
117,27,2,26,25.34779080631928
118,27,3,26,0.0
119,28,0,26,25.34779080631928
120,28,1,26,89.61797383623194
121,28,2,26,25.34779080631928
122,28,3,26,0.0
123,29,0,26,17.923594767246385
124,29,1,26,50.69558161263856
125,29,2,26,17.923594767246385
126,29,3,26,0.0
127,30,0,28,0.0
128,31,0,28,25.34779080631928
129,31,1,28,190.53042586419687
130,31,2,28,17.923594767246385
131,31,3,28,0.0
132,32,0,28,17.923594767246385
133,32,1,28,113.35876664474823
134,32,2,28,17.923594767246385
135,32,3,28,0.0
136,33,0,28,35.84718953449277
137,33,1,28,104.51161887051465
138,33,2,28,25.34779080631928
139,33,3,28,17.923594767246385
140,33,4,28,80.15675260144488
141,33,5,28,40.07837630072244
142,33,6,28,17.923594767246385
143,33,7,28,0.0
144,34,0,28,25.34779080631928
145,34,1,28,76.04337241895783
146,34,2,28,40.07837630072244
147,34,3,28,0.0
148,35,0,28,35.84718953449277
149,35,1,28,113.35876664474823
150,35,2,28,17.923594767246385
151,35,3,28,0.0
152,36,0,28,17.923594767246385
153,36,1,28,126.7389540315964
154,36,2,28,25.34779080631928
155,36,3,28,0.0
156,37,0,28,35.84718953449277
157,37,1,28,64.62443997394489
158,37,2,28,17.923594767246385
159,37,3,28,0.0
160,38,0,28,17.923594767246385
161,38,1,28,109.02497065845554
162,38,2,28,17.923594767246385
163,38,3,28,0.0
164,39,0,28,17.923594767246385
165,39,1,28,104.51161887051465
166,39,2,28,17.923594767246385
167,39,3,28,0.0
168,40,0,25,0.0
169,41,0,25,0.0
170,42,0,25,0.0
171,43,0,25,35.84718953449277
172,43,1,25,169.09085485283086
173,43,2,25,0.0
174,44,0,25,25.34779080631928
175,44,1,25,56.679383322374115
176,44,2,25,0.0
177,45,0,25,35.84718953449277
178,45,1,25,165.24737879113025
179,45,2,25,0.0
180,46,0,25,25.34779080631928
181,46,1,25,80.15675260144488
182,46,2,25,0.0
183,47,0,25,35.84718953449277
184,47,1,25,139.9877502219683
185,47,2,25,0.0
186,48,0,25,17.923594767246385
187,48,1,25,144.50464078959553
188,48,2,25,0.0
189,49,0,25,17.923594767246385
190,49,1,25,0.0
191,50,0,31,0.0
192,51,0,31,0.0
193,52,0,31,40.07837630072244
194,52,1,31,209.0232377410293
195,52,2,31,0.0
196,53,0,31,17.923594767246385
197,53,1,31,209.0232377410293
198,53,2,31,0.0
199,54,0,31,35.84718953449277
200,54,1,31,71.69437906898554
201,54,2,31,0.0
202,55,0,31,17.923594767246385
203,55,1,31,0.0
204,56,0,31,35.84718953449277
205,56,1,31,0.0
206,57,0,31,40.07837630072244
207,57,1,31,0.0
208,58,0,31,53.77078430173916
209,58,1,31,0.0
210,59,0,31,17.923594767246385
211,59,1,31,17.923594767246385
212,59,2,31,0.0
213,60,0,32,0.0
214,61,0,32,73.90087441612485
215,61,1,32,0.0
216,62,0,32,17.923594767246385
217,62,1,32,0.0
218,63,0,32,35.84718953449277
219,63,1,32,0.0
220,64,0,32,25.34779080631928
221,64,1,32,0.0
222,65,0,32,40.07837630072244
223,65,1,32,0.0
224,66,0,32,25.34779080631928
225,66,1,32,0.0
226,67,0,32,35.84718953449277
227,67,1,32,0.0
228,68,0,32,17.923594767246385
229,68,1,32,0.0
230,69,0,32,35.84718953449277
231,69,1,32,0.0
232,70,0,27,0.0
233,71,0,27,0.0
234,72,0,27,35.84718953449277
235,72,1,27,0.0
236,73,0,27,56.679383322374115
237,73,1,27,0.0
238,74,0,27,17.923594767246385
239,74,1,27,0.0
240,75,0,27,35.84718953449277
241,75,1,27,0.0
242,76,0,27,25.34779080631928
243,76,1,27,0.0
244,77,0,27,35.84718953449277
245,77,1,27,0.0
246,78,0,27,17.923594767246385
247,78,1,27,0.0
248,79,0,27,35.84718953449277
249,79,1,27,0.0
250,80,0,22,0.0
251,81,0,22,40.07837630072244
252,81,1,22,0.0
253,82,0,22,17.923594767246385
254,82,1,22,0.0
255,83,0,22,35.84718953449277
256,83,1,22,0.0
257,84,0,22,40.07837630072244
258,84,1,22,0.0
259,85,0,22,56.679383322374115
260,85,1,22,0.0
261,86,0,22,25.34779080631928
262,86,1,22,0.0
263,87,0,22,35.84718953449277
264,87,1,22,0.0
265,88,0,22,17.923594767246385
266,88,1,22,0.0
267,89,0,22,53.77078430173916
268,89,1,22,0.0
269,90,0,25,0.0
270,91,0,25,80.15675260144488
271,91,1,25,0.0
272,92,0,25,40.07837630072244
273,92,1,25,0.0
274,93,0,25,35.84718953449277
275,93,1,25,0.0
276,94,0,25,17.923594767246385
277,94,1,25,0.0
278,95,0,25,53.77078430173916
279,95,1,25,0.0
280,96,0,25,25.34779080631928
281,96,1,25,0.0
282,97,0,25,40.07837630072244
283,97,1,25,0.0
284,98,0,25,0.0
285,99,0,25,35.84718953449277
286,99,1,25,0.0
287,100,0,27,0.0
288,101,0,27,17.923594767246385
289,101,3,27,89.61797383623194
290,101,4,27,154.1845921425166
291,101,5,27,291.7749836531954
292,101,6,27,50.69558161263856
293,101,8,27,631.4093477936111
294,101,9,27,631.4093477936111
295,101,10,27,631.4093477936111
296,101,11,27,631.4093477936111
297,101,13,27,631.4093477936111
298,101,15,27,631.4093477936111
299,101,16,27,631.4093477936111
300,101,17,27,631.4093477936111
301,101,18,27,631.4093477936111
302,101,19,27,631.4093477936111
303,102,0,27,17.923594767246385
304,102,3,27,17.923594767246385
305,102,4,27,25.34779080631928
306,102,5,27,0.0
307,103,0,27,35.84718953449277
308,103,3,27,17.923594767246385
309,103,4,27,25.34779080631928
310,103,5,27,0.0
311,104,0,27,25.34779080631928
312,104,3,27,17.923594767246385
313,104,4,27,0.0
314,105,0,27,53.77078430173916
315,105,3,27,0.0
316,106,0,27,25.34779080631928
317,106,3,27,0.0
318,107,0,27,35.84718953449277
319,107,3,27,17.923594767246385
320,107,4,27,17.923594767246385
321,107,5,27,40.07837630072244
322,107,6,27,0.0
323,108,0,27,17.923594767246385
324,108,3,27,17.923594767246385
325,108,4,27,17.923594767246385
326,108,5,27,17.923594767246385
327,108,6,27,0.0
328,109,0,27,53.77078430173916
329,109,3,27,17.923594767246385
330,109,4,27,0.0
331,110,0,32,0.0
332,111,0,32,17.923594767246385
333,111,3,32,17.923594767246385
334,111,4,32,0.0
335,112,0,32,17.923594767246385
336,112,3,32,17.923594767246385
337,112,4,32,17.923594767246385
338,112,5,32,0.0
339,113,0,32,40.07837630072244
340,113,3,32,0.0
341,114,0,32,17.923594767246385
342,114,3,32,0.0
343,115,0,32,53.77078430173916
344,115,3,32,17.923594767246385
345,115,4,32,17.923594767246385
346,115,5,32,17.923594767246385
347,115,8,32,184.5347025204988
348,115,9,32,193.8733199218347
349,115,10,32,89.61797383623194
350,115,11,32,17.923594767246385
351,115,13,32,25.34779080631928
352,115,15,32,0.0
353,116,0,32,17.923594767246385
354,116,3,32,17.923594767246385
355,116,4,32,0.0
356,117,0,32,40.07837630072244
357,117,3,32,17.923594767246385
358,117,4,32,0.0
359,118,0,32,25.34779080631928
360,118,3,32,25.34779080631928
361,118,4,32,17.923594767246385
362,118,5,32,40.07837630072244
363,118,8,32,40.07837630072244
364,118,9,32,0.0
365,119,0,32,35.84718953449277
366,119,3,32,17.923594767246385
367,119,4,32,17.923594767246385
368,119,5,32,17.923594767246385
369,119,8,32,25.34779080631928
370,119,9,32,17.923594767246385
371,119,10,32,17.923594767246385
372,119,11,32,0.0
373,120,0,29,0.0
374,121,0,29,71.69437906898554
375,121,3,29,17.923594767246385
376,121,4,29,35.84718953449277
377,121,5,29,25.34779080631928
378,121,8,29,56.679383322374115
379,121,9,29,17.923594767246385
380,121,10,29,0.0
381,122,0,29,35.84718953449277
382,122,3,29,0.0
383,123,0,29,53.77078430173916
384,123,3,29,17.923594767246385
385,123,4,29,17.923594767246385
386,123,5,29,17.923594767246385
387,123,8,29,40.07837630072244
388,123,9,29,25.34779080631928
389,123,10,29,17.923594767246385
390,123,11,29,17.923594767246385
391,123,13,29,25.34779080631928
392,123,15,29,0.0
393,124,0,29,17.923594767246385
394,124,3,29,17.923594767246385
395,124,4,29,17.923594767246385
396,124,5,29,0.0
397,125,0,29,40.07837630072244
398,125,3,29,17.923594767246385
399,125,4,29,17.923594767246385
400,125,5,29,0.0
401,126,0,29,17.923594767246385
402,126,3,29,17.923594767246385
403,126,4,29,17.923594767246385
404,126,5,29,17.923594767246385
405,126,8,29,40.07837630072244
406,126,9,29,25.34779080631928
407,126,10,29,25.34779080631928
408,126,11,29,25.34779080631928
409,126,13,29,17.923594767246385
410,126,15,29,0.0
411,127,0,29,53.77078430173916
412,127,3,29,0.0
413,128,0,29,0.0
414,129,0,29,40.07837630072244
415,129,3,29,0.0
416,130,0,31,0.0
417,131,0,31,25.34779080631928
418,131,3,31,17.923594767246385
419,131,4,31,17.923594767246385
420,131,5,31,56.679383322374115
421,131,8,31,80.15675260144488
422,131,9,31,53.77078430173916
423,131,10,31,17.923594767246385
424,131,11,31,17.923594767246385
425,131,13,31,17.923594767246385
426,131,16,31,0.0
427,132,0,31,40.07837630072244
428,132,3,31,0.0
429,133,0,31,53.77078430173916
430,133,3,31,25.34779080631928
431,133,4,31,17.923594767246385
432,133,5,31,0.0
433,134,0,31,17.923594767246385
434,134,3,31,17.923594767246385
435,134,4,31,17.923594767246385
436,134,5,31,25.34779080631928
437,134,8,31,64.62443997394489
438,134,9,31,25.34779080631928
439,134,10,31,0.0
440,135,0,31,53.77078430173916
441,135,3,31,0.0
442,136,0,31,25.34779080631928
443,136,3,31,17.923594767246385
444,136,4,31,17.923594767246385
445,136,5,31,0.0
446,137,0,31,56.679383322374115
447,137,3,31,25.34779080631928
448,137,4,31,0.0
449,138,0,31,17.923594767246385
450,138,3,31,17.923594767246385
451,138,4,31,0.0
452,139,0,31,53.77078430173916
453,139,3,31,0.0
454,140,0,27,0.0
455,141,0,27,0.0
456,142,0,27,40.07837630072244
457,142,3,27,17.923594767246385
458,142,4,27,35.84718953449277
459,142,5,27,56.679383322374115
460,142,8,27,165.24737879113025
461,142,9,27,53.77078430173916
462,142,10,27,53.77078430173916
463,142,11,27,17.923594767246385
464,142,13,27,0.0
465,143,0,27,53.77078430173916
466,143,3,27,25.34779080631928
467,143,4,27,17.923594767246385
468,143,5,27,25.34779080631928
469,143,8,27,25.34779080631928
470,143,9,27,25.34779080631928
471,143,10,27,0.0
472,144,0,27,25.34779080631928
473,144,3,27,17.923594767246385
474,144,4,27,17.923594767246385
475,144,5,27,17.923594767246385
476,144,8,27,35.84718953449277
477,144,9,27,0.0
478,145,0,27,71.69437906898554
479,145,3,27,17.923594767246385
480,145,4,27,0.0
481,146,0,27,40.07837630072244
482,146,3,27,17.923594767246385
483,146,4,27,0.0
484,147,0,27,53.77078430173916
485,147,3,27,0.0
486,148,0,27,17.923594767246385
487,148,3,27,25.34779080631928
488,148,4,27,17.923594767246385
489,148,5,27,40.07837630072244
490,148,8,27,101.39116322527713
491,148,9,27,35.84718953449277
492,148,10,27,25.34779080631928
493,148,11,27,17.923594767246385
494,148,13,27,0.0
495,149,0,27,56.679383322374115
496,149,3,27,0.0
497,150,0,26,0.0
498,151,0,26,40.07837630072244
499,151,3,26,25.34779080631928
500,151,4,26,17.923594767246385
501,151,5,26,0.0
502,152,0,26,25.34779080631928
503,152,3,26,0.0
504,153,0,26,35.84718953449277
505,153,3,26,0.0
506,154,0,26,25.34779080631928
507,154,3,26,0.0
508,155,0,26,53.77078430173916
509,155,3,26,0.0
510,156,0,26,17.923594767246385
511,156,3,26,0.0
512,157,0,26,56.679383322374115
513,157,3,26,0.0
514,158,0,26,17.923594767246385
515,158,3,26,0.0
516,159,0,26,53.77078430173916
517,159,3,26,0.0
518,160,0,25,0.0
519,161,0,25,73.90087441612485
520,161,3,25,17.923594767246385
521,161,4,25,17.923594767246385
522,161,5,25,129.24887994788978
523,161,8,25,409.1136577128912
524,161,9,25,80.15675260144488
525,161,10,25,35.84718953449277
526,161,11,25,40.07837630072244
527,161,13,25,0.0
528,162,0,25,17.923594767246385
529,162,3,25,17.923594767246385
530,162,4,25,0.0
531,163,0,25,53.77078430173916
532,163,3,25,0.0
533,164,0,25,25.34779080631928
534,164,3,25,0.0
535,165,0,25,56.679383322374115
536,165,3,25,0.0
537,166,0,25,17.923594767246385
538,166,3,25,0.0
539,167,0,25,53.77078430173916
540,167,3,25,0.0
541,168,0,25,17.923594767246385
542,168,3,25,0.0
543,169,0,25,53.77078430173916
544,169,3,25,17.923594767246385
545,169,4,25,0.0
546,170,0,28,0.0
547,171,0,28,89.61797383623194
548,171,3,28,17.923594767246385
549,171,4,28,0.0
550,172,0,28,17.923594767246385
551,172,3,28,17.923594767246385
552,172,4,28,25.34779080631928
553,172,5,28,104.51161887051465
554,172,8,28,427.5444268113934
555,172,9,28,80.15675260144488
556,172,10,28,73.90087441612485
557,172,11,28,25.34779080631928
558,172,16,28,25.34779080631928
559,172,17,28,354.86907128846985
560,172,18,28,2411.173209879005
561,172,19,28,130.48573951648697
562,173,0,28,53.77078430173916
563,173,3,28,0.0
564,174,0,28,25.34779080631928
565,174,3,28,25.34779080631928
566,174,4,28,0.0
567,175,0,28,53.77078430173916
568,175,3,28,17.923594767246385
569,175,4,28,17.923594767246385
570,175,5,28,40.07837630072244
571,175,8,28,144.50464078959553
572,175,9,28,17.923594767246385
573,175,10,28,0.0
574,176,0,28,40.07837630072244
575,176,3,28,0.0
576,177,0,28,25.34779080631928
577,177,3,28,0.0
578,178,0,28,56.679383322374115
579,178,3,28,17.923594767246385
580,178,4,28,0.0
581,179,0,28,40.07837630072244
582,179,3,28,17.923594767246385
583,179,4,28,17.923594767246385
584,179,5,28,56.679383322374115
585,179,8,28,218.7853563602666
586,179,9,28,17.923594767246385
587,179,10,28,17.923594767246385
588,179,11,28,0.0
589,180,0,31,0.0
590,181,0,31,182.78551894383767
591,181,3,31,25.34779080631928
592,181,4,31,0.0
593,182,0,31,17.923594767246385
594,182,3,31,0.0
595,183,0,31,40.07837630072244
596,183,3,31,0.0
597,184,0,31,35.84718953449277
598,184,3,31,0.0
599,185,0,31,25.34779080631928
600,185,3,31,0.0
601,186,0,31,56.679383322374115
602,186,3,31,0.0
603,187,0,31,53.77078430173916
604,187,3,31,17.923594767246385
605,187,4,31,0.0
606,188,0,31,25.34779080631928
607,188,3,31,0.0
608,189,0,31,56.679383322374115
609,189,3,31,0.0
610,190,0,38,0.0
611,191,0,38,165.24737879113025
612,191,3,38,17.923594767246385
613,191,4,38,0.0
614,192,0,38,25.34779080631928
615,192,3,38,17.923594767246385
616,192,4,38,0.0
617,193,0,38,17.923594767246385
618,193,3,38,17.923594767246385
619,193,4,38,0.0
620,194,0,38,35.84718953449277
621,194,3,38,0.0
622,195,0,38,40.07837630072244
623,195,3,38,0.0
624,196,0,38,0.0
625,197,0,38,35.84718953449277
626,197,3,38,0.0
627,198,0,38,40.07837630072244
628,198,3,38,0.0
629,199,0,38,17.923594767246385
630,199,3,38,0.0
631,200,0,26,0.0
632,201,0,26,114.76700407607993
633,201,3,26,0.0
634,202,0,26,17.923594767246385
635,202,3,26,0.0
636,203,0,26,40.07837630072244
637,203,3,26,0.0
638,204,0,26,25.34779080631928
639,204,3,26,0.0
640,205,0,26,25.34779080631928
641,205,3,26,0.0
642,206,0,26,35.84718953449277
643,206,3,26,0.0
644,207,0,26,35.84718953449277
645,207,3,26,0.0
646,208,0,26,25.34779080631928
647,208,3,26,0.0
648,209,0,26,17.923594767246385
649,209,3,26,0.0
650,210,0,23,0.0
651,211,0,23,130.48573951648697
652,211,3,23,0.0
653,212,0,23,40.07837630072244
654,212,3,23,0.0
655,213,0,23,40.07837630072244
656,213,3,23,0.0
657,214,0,23,25.34779080631928
658,214,3,23,0.0
659,215,0,23,17.923594767246385
660,215,3,23,0.0
661,216,0,23,40.07837630072244
662,216,3,23,0.0
663,217,0,23,25.34779080631928
664,217,3,23,0.0
665,218,0,23,35.84718953449277
666,218,3,23,0.0
667,219,0,23,40.07837630072244
668,219,3,23,17.923594767246385
669,219,4,23,0.0
670,220,0,23,0.0
671,221,0,23,165.24737879113025
672,221,3,23,17.923594767246385
673,221,4,23,0.0
674,222,0,23,17.923594767246385
675,222,3,23,0.0
676,223,0,23,17.923594767246385
677,223,3,23,0.0
678,224,0,23,0.0
679,225,0,23,40.07837630072244
680,225,3,23,0.0
681,226,0,23,25.34779080631928
682,226,3,23,0.0
683,227,0,23,0.0
684,228,0,23,17.923594767246385
685,228,3,23,17.923594767246385
686,228,4,23,0.0
687,229,0,23,17.923594767246385
688,229,3,23,17.923594767246385
689,229,4,23,0.0
690,230,0,19,0.0
691,231,0,19,91.39275947191884
692,231,3,19,17.923594767246385
693,231,4,19,0.0
694,232,0,19,40.07837630072244
695,232,3,19,17.923594767246385
696,232,4,19,0.0
697,233,0,19,35.84718953449277
698,233,3,19,25.34779080631928
699,233,4,19,0.0
700,234,0,19,25.34779080631928
701,234,3,19,0.0
702,235,0,19,35.84718953449277
703,235,3,19,17.923594767246385
704,235,4,19,0.0
705,236,0,19,40.07837630072244
706,236,3,19,17.923594767246385
707,236,4,19,0.0
708,237,0,19,50.69558161263856
709,237,3,19,25.34779080631928
710,237,4,19,0.0
711,238,0,19,25.34779080631928
712,238,3,19,0.0
713,239,0,19,17.923594767246385
714,239,3,19,25.34779080631928
715,239,4,19,0.0
716,240,0,18,0.0
717,241,0,18,0.0
718,242,0,18,0.0
719,243,0,18,0.0
720,244,0,18,0.0
721,245,0,18,0.0
722,246,0,18,0.0
723,247,0,18,0.0
724,248,0,18,0.0
725,249,0,18,0.0
726,250,0,15,0.0
727,251,0,15,0.0
728,252,0,15,0.0
729,253,0,15,0.0
730,254,0,15,0.0
731,255,0,15,0.0
732,256,0,15,0.0
733,257,0,15,0.0
734,258,0,15,0.0
735,259,0,15,0.0
736,260,0,20,0.0
737,261,0,20,0.0
738,262,0,20,0.0
739,263,0,20,0.0
740,264,0,20,0.0
741,265,0,20,0.0
742,266,0,20,0.0
743,267,0,20,0.0
744,268,0,20,0.0
745,269,0,20,0.0
746,270,0,19,0.0
747,271,0,19,0.0
748,272,0,19,0.0
749,273,0,19,0.0
750,274,0,19,0.0
751,275,0,19,0.0
752,276,0,19,0.0
753,277,0,19,0.0
754,278,0,19,0.0
755,279,0,19,0.0
756,280,3,20,25.34779080631928
757,280,5,20,2222.814822577784
758,280,9,20,358.47189534492776
759,280,10,20,160.31350520288976
760,280,11,20,25.34779080631928
761,280,16,20,17.923594767246385
762,280,17,20,2118.399060280115
763,280,18,20,954.1684215819708
764,280,21,20,954.1684215819708
765,281,3,20,0.0
766,282,3,20,17.923594767246385
767,282,5,20,89.61797383623194
768,282,9,20,25.34779080631928
769,282,10,20,40.07837630072244
770,282,11,20,50.69558161263856
771,282,16,20,0.0
772,283,3,20,0.0
773,284,3,20,17.923594767246385
774,284,5,20,104.51161887051465
775,284,9,20,17.923594767246385
776,284,10,20,17.923594767246385
777,284,11,20,17.923594767246385
778,284,16,20,17.923594767246385
779,284,17,20,260.97147903297395
780,284,18,20,35.84718953449277
781,284,21,20,40.07837630072244
782,284,23,20,40.07837630072244
783,284,24,20,40.07837630072244
784,285,3,20,17.923594767246385
785,285,5,20,25.34779080631928
786,285,9,20,0.0
787,286,3,20,0.0
788,287,3,20,17.923594767246385
789,287,5,20,113.35876664474823
790,287,9,20,0.0
791,288,3,20,0.0
792,289,3,20,0.0
793,290,3,27,0.0
794,291,3,27,0.0
795,292,3,27,0.0
796,293,3,27,17.923594767246385
797,293,5,27,130.48573951648697
798,293,9,27,25.34779080631928
799,293,10,27,25.34779080631928
800,293,11,27,0.0
801,294,3,27,0.0
802,295,3,27,0.0
803,296,3,27,17.923594767246385
804,296,5,27,101.39116322527713
805,296,9,27,0.0
806,297,3,27,17.923594767246385
807,297,5,27,53.77078430173916
808,297,9,27,17.923594767246385
809,297,10,27,0.0
810,298,3,27,0.0
811,299,3,27,0.0
812,300,3,22,0.0
813,301,3,22,17.923594767246385
814,301,5,22,120.23512890216732
815,301,9,22,17.923594767246385
816,301,10,22,0.0
817,302,3,22,0.0
818,303,3,22,0.0
819,304,3,22,17.923594767246385
820,304,5,22,101.39116322527713
821,304,9,22,17.923594767246385
822,304,10,22,0.0
823,305,3,22,17.923594767246385
824,305,5,22,35.84718953449277
825,305,9,22,0.0
826,306,3,22,0.0
827,307,3,22,17.923594767246385
828,307,5,22,80.15675260144488
829,307,9,22,0.0
830,308,3,22,0.0
831,309,3,22,17.923594767246385
832,309,5,22,73.90087441612485
833,309,9,22,0.0
834,310,3,21,0.0
835,311,3,21,17.923594767246385
836,311,5,21,147.8017488322497
837,311,9,21,17.923594767246385
838,311,10,21,17.923594767246385
839,311,11,21,35.84718953449277
840,311,16,21,25.34779080631928
841,311,17,21,1386.7349865029894
842,311,18,21,139.9877502219683
843,311,21,21,268.8539215086958
844,311,23,21,40.07837630072244
845,311,24,21,25.34779080631928
846,311,25,21,25.34779080631928
847,312,3,21,0.0
848,313,3,21,0.0
849,314,3,21,0.0
850,315,3,21,0.0
851,316,3,21,17.923594767246385
852,316,5,21,180.12989809419943
853,316,9,21,0.0
854,317,3,21,0.0
855,318,3,21,0.0
856,319,3,21,17.923594767246385
857,319,5,21,80.15675260144488
858,319,9,21,17.923594767246385
859,319,10,21,0.0
860,320,3,26,0.0
861,321,3,26,0.0
862,322,3,26,25.34779080631928
863,322,5,26,165.24737879113025
864,322,9,26,25.34779080631928
865,322,10,26,17.923594767246385
866,322,11,26,56.679383322374115
867,322,16,26,17.923594767246385
868,322,17,26,0.0
869,323,3,26,17.923594767246385
870,323,5,26,40.07837630072244
871,323,9,26,0.0
872,324,3,26,0.0
873,325,3,26,0.0
874,326,3,26,25.34779080631928
875,326,5,26,64.62443997394489
876,326,9,26,0.0
877,327,3,26,25.34779080631928
878,327,5,26,40.07837630072244
879,327,9,26,0.0
880,328,3,26,0.0
881,329,3,26,0.0
882,330,3,21,0.0
883,331,3,21,0.0
884,332,3,21,0.0
885,333,3,21,0.0
886,334,3,21,0.0
887,335,3,21,0.0
888,336,3,21,0.0
889,337,3,21,0.0
890,338,3,21,0.0
891,339,3,21,0.0
892,340,3,21,0.0
893,341,3,21,0.0
894,342,3,21,17.923594767246385
895,342,5,21,154.1845921425166
896,342,9,21,50.69558161263856
897,342,10,21,0.0
898,343,3,21,0.0
899,344,3,21,25.34779080631928
900,344,5,21,64.62443997394489
901,344,9,21,0.0
902,345,3,21,0.0
903,346,3,21,17.923594767246385
904,346,5,21,76.04337241895783
905,346,9,21,0.0
906,347,3,21,0.0
907,348,3,21,17.923594767246385
908,348,5,21,76.04337241895783
909,348,9,21,0.0
910,349,3,21,17.923594767246385
911,349,5,21,40.07837630072244
912,349,9,21,0.0
913,350,3,16,0.0
914,351,3,16,0.0
915,352,3,16,0.0
916,353,3,16,0.0
917,354,3,16,0.0
918,355,3,16,0.0
919,356,3,16,17.923594767246385
920,356,5,16,0.0
921,357,3,16,17.923594767246385
922,357,5,16,0.0
923,358,3,16,0.0
924,359,3,16,0.0
925,360,3,19,0.0
926,361,3,19,17.923594767246385
927,361,5,19,0.0
928,362,3,19,17.923594767246385
929,362,5,19,0.0
930,363,3,19,25.34779080631928
931,363,5,19,0.0
932,364,3,19,17.923594767246385
933,364,5,19,0.0
934,365,3,19,17.923594767246385
935,365,5,19,0.0
936,366,3,19,0.0
937,367,3,19,17.923594767246385
938,367,5,19,0.0
939,368,3,19,0.0
940,369,3,19,0.0
941,370,3,15,0.0
942,371,3,15,17.923594767246385
943,371,5,15,0.0
944,372,3,15,17.923594767246385
945,372,5,15,0.0
946,373,3,15,0.0
947,374,3,15,17.923594767246385
948,374,5,15,0.0
949,375,3,15,0.0
950,376,3,15,0.0
951,377,3,15,0.0
952,378,3,15,0.0
953,379,3,15,0.0
954,380,3,11,0.0
955,381,3,11,0.0
956,382,3,11,0.0
957,383,3,11,0.0
958,384,3,11,0.0
959,385,3,11,17.923594767246385
960,385,5,11,0.0
961,386,3,11,0.0
962,387,3,11,17.923594767246385
963,387,5,11,0.0
964,388,3,11,0.0
965,389,3,11,17.923594767246385
966,389,5,11,0.0
967,390,3,9,0.0
968,391,3,9,40.07837630072244
969,391,9,9,50.69558161263856
970,391,10,9,73.90087441612485
971,391,11,9,40.07837630072244
972,391,16,9,17.923594767246385
973,391,18,9,160.31350520288976
974,391,21,9,344.30101222823976
975,391,25,9,1521.0786653023858
976,392,3,9,17.923594767246385
977,392,9,9,0.0
978,393,3,9,17.923594767246385
979,393,9,9,17.923594767246385
980,393,10,9,0.0
981,394,3,9,0.0
982,395,3,9,0.0
983,396,3,9,0.0
984,397,3,9,17.923594767246385
985,397,9,9,0.0
986,398,3,9,17.923594767246385
987,398,9,9,17.923594767246385
988,398,10,9,0.0
989,399,3,9,25.34779080631928
990,399,9,9,17.923594767246385
991,399,10,9,0.0
992,400,3,11,0.0
993,401,3,11,25.34779080631928
994,401,9,11,17.923594767246385
995,401,10,11,0.0
996,402,3,11,0.0
997,403,3,11,17.923594767246385
998,403,9,11,25.34779080631928
999,403,10,11,0.0
1000,404,3,11,25.34779080631928
1001,404,9,11,17.923594767246385
1002,404,10,11,0.0
1003,405,3,11,0.0
1004,406,3,11,17.923594767246385
1005,406,9,11,17.923594767246385
1006,406,10,11,0.0
1007,407,3,11,0.0
1008,408,3,11,0.0
1009,409,3,11,0.0
1010,410,3,13,0.0
1011,411,3,13,53.77078430173916
1012,411,9,13,17.923594767246385
1013,411,10,13,0.0
1014,412,3,13,0.0
1015,413,3,13,0.0
1016,414,3,13,17.923594767246385
1017,414,9,13,17.923594767246385
1018,414,10,13,0.0
1019,415,3,13,17.923594767246385
1020,415,9,13,17.923594767246385
1021,415,10,13,0.0
1022,416,3,13,0.0
1023,417,3,13,0.0
1024,418,3,13,0.0
1025,419,3,13,17.923594767246385
1026,419,9,13,0.0
1027,420,3,9,0.0
1028,421,3,9,40.07837630072244
1029,421,9,9,25.34779080631928
1030,421,11,9,113.35876664474823
1031,421,16,9,17.923594767246385
1032,421,18,9,56.679383322374115
1033,421,21,9,89.61797383623194
1034,421,25,9,226.71753328949646
1035,422,3,9,17.923594767246385
1036,422,9,9,25.34779080631928
1037,422,11,9,17.923594767246385
1038,422,16,9,0.0
1039,423,3,9,17.923594767246385
1040,423,9,9,25.34779080631928
1041,423,11,9,25.34779080631928
1042,423,16,9,0.0
1043,424,3,9,17.923594767246385
1044,424,9,9,17.923594767246385
1045,424,11,9,0.0
1046,425,3,9,0.0
1047,426,3,9,0.0
1048,427,3,9,0.0
1049,428,3,9,0.0
1050,429,3,9,0.0
1051,430,3,11,0.0
1052,431,3,11,0.0
1053,432,3,11,17.923594767246385
1054,432,9,11,17.923594767246385
1055,432,11,11,17.923594767246385
1056,432,16,11,0.0
1057,433,3,11,17.923594767246385
1058,433,9,11,0.0
1059,434,3,11,17.923594767246385
1060,434,9,11,0.0
1061,435,3,11,0.0
1062,436,3,11,17.923594767246385
1063,436,9,11,0.0
1064,437,3,11,17.923594767246385
1065,437,9,11,0.0
1066,438,3,11,0.0
1067,439,3,11,0.0
1068,440,3,11,0.0
1069,441,3,11,17.923594767246385
1070,441,9,11,17.923594767246385
1071,441,11,11,0.0
1072,442,3,11,17.923594767246385
1073,442,9,11,0.0
1074,443,3,11,17.923594767246385
1075,443,9,11,0.0
1076,444,3,11,0.0
1077,445,3,11,0.0
1078,446,3,11,0.0
1079,447,3,11,0.0
1080,448,3,11,0.0
1081,449,3,11,0.0
1082,450,3,10,0.0
1083,451,3,10,0.0
1084,452,3,10,0.0
1085,453,3,10,0.0
1086,454,3,10,17.923594767246385
1087,454,9,10,0.0
1088,455,3,10,17.923594767246385
1089,455,9,10,0.0
1090,456,3,10,17.923594767246385
1091,456,9,10,0.0
1092,457,3,10,17.923594767246385
1093,457,9,10,0.0
1094,458,3,10,0.0
1095,459,3,10,17.923594767246385
1096,459,9,10,0.0
1097,460,3,13,0.0
1098,461,3,13,35.84718953449277
1099,461,9,13,193.8733199218347
1100,461,11,13,17.923594767246385
1101,461,16,13,0.0
1102,462,3,13,17.923594767246385
1103,462,9,13,0.0
1104,463,3,13,0.0
1105,464,3,13,0.0
1106,465,3,13,17.923594767246385
1107,465,9,13,0.0
1108,466,3,13,0.0
1109,467,3,13,17.923594767246385
1110,467,9,13,0.0
1111,468,3,13,0.0
1112,469,3,13,0.0
1113,470,3,10,0.0
1114,471,3,10,17.923594767246385
1115,471,9,10,0.0
1116,472,3,10,0.0
1117,473,3,10,0.0
1118,474,3,10,0.0
1119,475,3,10,0.0
1120,476,3,10,0.0
1121,477,3,10,0.0
1122,478,3,10,0.0
1123,479,3,10,0.0
1124,480,3,12,0.0
1125,481,3,12,0.0
1126,482,3,12,0.0
1127,483,3,12,0.0
1128,484,3,12,0.0
1129,485,3,12,0.0
1130,486,3,12,17.923594767246385
1131,486,9,12,17.923594767246385
1132,486,11,12,0.0
1133,487,3,12,25.34779080631928
1134,487,9,12,0.0
1135,488,3,12,0.0
1136,489,3,12,17.923594767246385
1137,489,9,12,0.0
1138,490,3,11,0.0
1139,491,3,11,25.34779080631928
1140,491,9,11,0.0
1141,492,3,11,0.0
1142,493,3,11,17.923594767246385
1143,493,9,11,0.0
1144,494,3,11,0.0
1145,495,3,11,0.0
1146,496,3,11,17.923594767246385
1147,496,9,11,0.0
1148,497,3,11,17.923594767246385
1149,497,9,11,0.0
1150,498,3,11,17.923594767246385
1151,498,9,11,0.0
1152,499,3,11,25.34779080631928
1153,499,9,11,0.0
1154,500,3,10,0.0
1155,501,3,10,0.0
1156,502,3,10,25.34779080631928
1157,502,9,10,0.0
1158,503,3,10,25.34779080631928
1159,503,9,10,0.0
1160,504,3,10,17.923594767246385
1161,504,9,10,0.0
1162,505,3,10,17.923594767246385
1163,505,9,10,0.0
1164,506,3,10,0.0
1165,507,3,10,0.0
1166,508,3,10,0.0
1167,509,3,10,17.923594767246385
1168,509,9,10,0.0
1169,510,3,11,0.0
1170,511,3,11,25.34779080631928
1171,511,9,11,0.0
1172,512,3,11,17.923594767246385
1173,512,9,11,0.0
1174,513,3,11,17.923594767246385
1175,513,9,11,0.0
1176,514,3,11,17.923594767246385
1177,514,9,11,0.0
1178,515,3,11,17.923594767246385
1179,515,9,11,0.0
1180,516,3,11,25.34779080631928
1181,516,9,11,0.0
1182,517,3,11,17.923594767246385
1183,517,9,11,0.0
1184,518,3,11,0.0
1185,519,3,11,17.923594767246385
1186,519,9,11,0.0
1187,520,3,7,0.0
1188,521,3,7,25.34779080631928
1189,521,9,7,0.0
1190,522,3,7,17.923594767246385
1191,522,9,7,0.0
1192,523,3,7,17.923594767246385
1193,523,9,7,0.0
1194,524,3,7,17.923594767246385
1195,524,9,7,0.0
1196,525,3,7,0.0
1197,526,3,7,0.0
1198,527,3,7,0.0
1199,528,3,7,0.0
1200,529,3,7,17.923594767246385
1201,529,9,7,0.0
1202,530,3,11,0.0
1203,531,3,11,17.923594767246385
1204,531,11,11,0.0
1205,532,3,11,17.923594767246385
1206,532,11,11,17.923594767246385
1207,532,16,11,40.07837630072244
1208,532,21,11,358.47189534492776
1209,532,25,11,529.2774106834363
1210,532,26,11,529.2774106834363
1211,532,28,11,529.2774106834363
1212,532,29,11,529.2774106834363
1213,533,3,11,17.923594767246385
1214,533,11,11,17.923594767246385
1215,533,16,11,17.923594767246385
1216,533,21,11,25.34779080631928
1217,533,25,11,0.0
1218,534,3,11,17.923594767246385
1219,534,11,11,17.923594767246385
1220,534,16,11,17.923594767246385
1221,534,21,11,25.34779080631928
1222,534,25,11,0.0
1223,535,3,11,17.923594767246385
1224,535,11,11,17.923594767246385
1225,535,16,11,17.923594767246385
1226,535,21,11,17.923594767246385
1227,535,25,11,17.923594767246385
1228,535,26,11,40.07837630072244
1229,535,28,11,0.0
1230,536,3,11,17.923594767246385
1231,536,11,11,17.923594767246385
1232,536,16,11,17.923594767246385
1233,536,21,11,17.923594767246385
1234,536,25,11,17.923594767246385
1235,536,26,11,25.34779080631928
1236,536,28,11,0.0
1237,537,3,11,0.0
1238,538,3,11,0.0
1239,539,3,11,0.0
1240,540,3,18,0.0
1241,541,3,18,17.923594767246385
1242,541,11,18,25.34779080631928
1243,541,16,18,17.923594767246385
1244,541,21,18,0.0
1245,542,3,18,0.0
1246,543,3,18,0.0
1247,544,3,18,0.0
1248,545,3,18,17.923594767246385
1249,545,11,18,0.0
1250,546,3,18,17.923594767246385
1251,546,11,18,17.923594767246385
1252,546,16,18,17.923594767246385
1253,546,21,18,17.923594767246385
1254,546,25,18,40.07837630072244
1255,546,26,18,144.50464078959553
1256,546,28,18,71.69437906898554
1257,546,29,18,17.923594767246385
1258,546,30,18,17.923594767246385
1259,546,31,18,17.923594767246385
1260,546,32,18,17.923594767246385
1261,546,33,18,17.923594767246385
1262,546,34,18,17.923594767246385
1263,546,35,18,17.923594767246385
1264,547,3,18,0.0
1265,548,3,18,0.0
1266,549,3,18,0.0
1267,550,3,18,0.0
1268,551,3,18,17.923594767246385
1269,551,11,18,25.34779080631928
1270,551,16,18,17.923594767246385
1271,551,21,18,0.0
1272,552,3,18,0.0
1273,553,3,18,0.0
1274,554,3,18,0.0
1275,555,3,18,0.0
1276,556,3,18,0.0
1277,557,3,18,0.0
1278,558,3,18,0.0
1279,559,3,18,0.0
1280,560,3,18,0.0
1281,561,3,18,17.923594767246385
1282,561,11,18,35.84718953449277
1283,561,16,18,17.923594767246385
1284,561,21,18,40.07837630072244
1285,561,25,18,40.07837630072244
1286,561,26,18,153.1392608209068
1287,561,28,18,0.0
1288,562,3,18,17.923594767246385
1289,562,11,18,17.923594767246385
1290,562,16,18,0.0
1291,563,3,18,25.34779080631928
1292,563,11,18,17.923594767246385
1293,563,16,18,17.923594767246385
1294,563,21,18,17.923594767246385
1295,563,25,18,17.923594767246385
1296,563,26,18,17.923594767246385
1297,563,28,18,17.923594767246385
1298,563,29,18,50.69558161263856
1299,563,30,18,50.69558161263856
1300,563,31,18,17.923594767246385
1301,563,32,18,17.923594767246385
1302,563,33,18,235.74808194939772
1303,563,34,18,35.84718953449277
1304,563,35,18,522.5580943525731
1305,564,3,18,17.923594767246385
1306,564,11,18,25.34779080631928
1307,564,16,18,17.923594767246385
1308,564,21,18,25.34779080631928
1309,564,25,18,17.923594767246385
1310,564,26,18,0.0
1311,565,3,18,0.0
1312,566,3,18,17.923594767246385
1313,566,11,18,0.0
1314,567,3,18,17.923594767246385
1315,567,11,18,17.923594767246385
1316,567,16,18,0.0
1317,568,3,18,25.34779080631928
1318,568,11,18,17.923594767246385
1319,568,16,18,17.923594767246385
1320,568,21,18,17.923594767246385
1321,568,25,18,25.34779080631928
1322,568,26,18,40.07837630072244
1323,568,28,18,0.0
1324,569,3,18,25.34779080631928
1325,569,11,18,25.34779080631928
1326,569,16,18,17.923594767246385
1327,569,21,18,0.0
1328,570,3,17,0.0
1329,571,3,17,17.923594767246385
1330,571,11,17,25.34779080631928
1331,571,16,17,25.34779080631928
1332,571,21,17,50.69558161263856
1333,571,25,17,17.923594767246385
1334,571,26,17,25.34779080631928
1335,571,28,17,0.0
1336,572,3,17,25.34779080631928
1337,572,11,17,17.923594767246385
1338,572,16,17,17.923594767246385
1339,572,21,17,0.0
1340,573,3,17,17.923594767246385
1341,573,11,17,17.923594767246385
1342,573,16,17,25.34779080631928
1343,573,21,17,0.0
1344,574,3,17,17.923594767246385
1345,574,11,17,17.923594767246385
1346,574,16,17,17.923594767246385
1347,574,21,17,25.34779080631928
1348,574,25,17,25.34779080631928
1349,574,26,17,17.923594767246385
1350,574,28,17,17.923594767246385
1351,574,29,17,25.34779080631928
1352,574,30,17,35.84718953449277
1353,574,31,17,25.34779080631928
1354,574,32,17,0.0
1355,575,3,17,25.34779080631928
1356,575,11,17,17.923594767246385
1357,575,16,17,17.923594767246385
1358,575,21,17,25.34779080631928
1359,575,25,17,17.923594767246385
1360,575,26,17,0.0
1361,576,3,17,0.0
1362,577,3,17,17.923594767246385
1363,577,11,17,0.0
1364,578,3,17,17.923594767246385
1365,578,11,17,0.0
1366,579,3,17,25.34779080631928
1367,579,11,17,0.0
1368,580,3,20,0.0
1369,581,3,20,25.34779080631928
1370,581,11,20,0.0
1371,582,3,20,17.923594767246385
1372,582,11,20,0.0
1373,583,3,20,25.34779080631928
1374,583,11,20,17.923594767246385
1375,583,16,20,0.0
1376,584,3,20,17.923594767246385
1377,584,11,20,0.0
1378,585,3,20,0.0
1379,586,3,20,17.923594767246385
1380,586,11,20,0.0
1381,587,3,20,17.923594767246385
1382,587,11,20,0.0
1383,588,3,20,0.0
1384,589,3,20,0.0
1385,590,3,19,0.0
1386,591,3,19,35.84718953449277
1387,591,11,19,17.923594767246385
1388,591,16,19,25.34779080631928
1389,591,21,19,0.0
1390,592,3,19,17.923594767246385
1391,592,11,19,0.0
1392,593,3,19,17.923594767246385
1393,593,11,19,0.0
1394,594,3,19,0.0
1395,595,3,19,0.0
1396,596,3,19,17.923594767246385
1397,596,11,19,0.0
1398,597,3,19,17.923594767246385
1399,597,11,19,0.0
1400,598,3,19,0.0
1401,599,3,19,0.0
1402,600,3,19,0.0
1403,601,3,19,17.923594767246385
1404,601,11,19,40.07837630072244
1405,601,16,19,25.34779080631928
1406,601,21,19,17.923594767246385
1407,601,25,19,25.34779080631928
1408,601,26,19,165.24737879113025
1409,601,28,19,50.69558161263856
1410,601,29,19,35.84718953449277
1411,601,30,19,160.31350520288976
1412,601,31,19,50.69558161263856
1413,601,34,19,126.7389540315964
1414,601,35,19,867.2130873088007
1415,601,36,19,867.2130873088007
1416,601,37,19,867.2130873088007
1417,601,38,19,867.2130873088007
1418,601,39,19,867.2130873088007
1419,602,3,19,25.34779080631928
1420,602,11,19,17.923594767246385
1421,602,16,19,17.923594767246385
1422,602,21,19,17.923594767246385
1423,602,25,19,17.923594767246385
1424,602,26,19,17.923594767246385
1425,602,28,19,17.923594767246385
1426,602,29,19,25.34779080631928
1427,602,30,19,17.923594767246385
1428,602,31,19,0.0
1429,603,3,19,17.923594767246385
1430,603,11,19,17.923594767246385
1431,603,16,19,0.0
1432,604,3,19,17.923594767246385
1433,604,11,19,17.923594767246385
1434,604,16,19,0.0
1435,605,3,19,25.34779080631928
1436,605,11,19,0.0
1437,606,3,19,0.0
1438,607,3,19,17.923594767246385
1439,607,11,19,0.0
1440,608,3,19,17.923594767246385
1441,608,11,19,17.923594767246385
1442,608,16,19,0.0
1443,609,3,19,17.923594767246385
1444,609,11,19,0.0
1445,610,3,20,0.0
1446,611,3,20,0.0
1447,612,3,20,0.0
1448,613,3,20,17.923594767246385
1449,613,11,20,25.34779080631928
1450,613,16,20,17.923594767246385
1451,613,21,20,17.923594767246385
1452,613,25,20,40.07837630072244
1453,613,26,20,40.07837630072244
1454,613,28,20,35.84718953449277
1455,613,29,20,0.0
1456,614,3,20,17.923594767246385
1457,614,11,20,17.923594767246385
1458,614,16,20,0.0
1459,615,3,20,0.0
1460,616,3,20,17.923594767246385
1461,616,11,20,17.923594767246385
1462,616,16,20,0.0
1463,617,3,20,17.923594767246385
1464,617,11,20,17.923594767246385
1465,617,16,20,0.0
1466,618,3,20,0.0
1467,619,3,20,0.0
1468,620,3,19,0.0
1469,621,3,19,0.0
1470,622,3,19,17.923594767246385
1471,622,11,19,17.923594767246385
1472,622,16,19,25.34779080631928
1473,622,21,19,17.923594767246385
1474,622,25,19,25.34779080631928
1475,622,26,19,53.77078430173916
1476,622,28,19,50.69558161263856
1477,622,29,19,0.0
1478,623,3,19,17.923594767246385
1479,623,11,19,0.0
1480,624,3,19,17.923594767246385
1481,624,11,19,0.0
1482,625,3,19,17.923594767246385
1483,625,11,19,0.0
1484,626,3,19,0.0
1485,627,3,19,17.923594767246385
1486,627,11,19,17.923594767246385
1487,627,16,19,25.34779080631928
1488,627,21,19,0.0
1489,628,3,19,17.923594767246385
1490,628,11,19,17.923594767246385
1491,628,16,19,35.84718953449277
1492,628,21,19,0.0
1493,629,3,19,17.923594767246385
1494,629,11,19,17.923594767246385
1495,629,16,19,17.923594767246385
1496,629,21,19,0.0
1497,630,3,18,0.0
1498,631,3,18,25.34779080631928
1499,631,11,18,17.923594767246385
1500,631,16,18,17.923594767246385
1501,631,21,18,0.0
1502,632,3,18,0.0
1503,633,3,18,0.0
1504,634,3,18,0.0
1505,635,3,18,0.0
1506,636,3,18,0.0
1507,637,3,18,0.0
1508,638,3,18,0.0
1509,639,3,18,0.0
1510,640,3,19,0.0
1511,641,3,19,17.923594767246385
1512,641,11,19,17.923594767246385
1513,641,16,19,35.84718953449277
1514,641,21,19,0.0
1515,642,3,19,0.0
1516,643,3,19,17.923594767246385
1517,643,11,19,0.0
1518,644,3,19,0.0
1519,645,3,19,17.923594767246385
1520,645,11,19,0.0
1521,646,3,19,17.923594767246385
1522,646,11,19,0.0
1523,647,3,19,25.34779080631928
1524,647,11,19,0.0
1525,648,3,19,17.923594767246385
1526,648,11,19,17.923594767246385
1527,648,16,19,17.923594767246385
1528,648,21,19,0.0
1529,649,3,19,17.923594767246385
1530,649,11,19,0.0
1531,650,3,18,0.0
1532,651,3,18,17.923594767246385
1533,651,11,18,25.34779080631928
1534,651,16,18,17.923594767246385
1535,651,21,18,25.34779080631928
1536,651,25,18,40.07837630072244
1537,651,26,18,80.15675260144488
1538,651,28,18,50.69558161263856
1539,651,29,18,17.923594767246385
1540,651,30,18,224.58199872815393
1541,651,31,18,25.34779080631928
1542,651,34,18,91.39275947191884
1543,651,35,18,612.5570432836272
1544,651,36,18,258.49775989577955
1545,651,37,18,104.51161887051465
1546,651,39,18,17.923594767246385
1547,652,3,18,0.0
1548,653,3,18,0.0
1549,654,3,18,0.0
1550,655,3,18,0.0
1551,656,3,18,0.0
1552,657,3,18,17.923594767246385
1553,657,11,18,17.923594767246385
1554,657,16,18,17.923594767246385
1555,657,21,18,17.923594767246385
1556,657,25,18,0.0
1557,658,3,18,17.923594767246385
1558,658,11,18,0.0
1559,659,3,18,25.34779080631928
1560,659,11,18,25.34779080631928
1561,659,16,18,17.923594767246385
1562,659,21,18,0.0
1563,660,3,17,0.0
1564,661,3,17,17.923594767246385
1565,661,11,17,17.923594767246385
1566,661,16,17,40.07837630072244
1567,661,21,17,17.923594767246385
1568,661,25,17,35.84718953449277
1569,661,26,17,0.0
1570,662,3,17,17.923594767246385
1571,662,11,17,0.0
1572,663,3,17,0.0
1573,664,3,17,0.0
1574,665,3,17,17.923594767246385
1575,665,11,17,0.0
1576,666,3,17,0.0
1577,667,3,17,25.34779080631928
1578,667,11,17,0.0
1579,668,3,17,0.0
1580,669,3,17,0.0
1581,670,3,18,0.0
1582,671,3,18,0.0
1583,672,3,18,0.0
1584,673,3,18,0.0
1585,674,3,18,17.923594767246385
1586,674,11,18,17.923594767246385
1587,674,16,18,17.923594767246385
1588,674,21,18,17.923594767246385
1589,674,25,18,25.34779080631928
1590,674,26,18,17.923594767246385
1591,674,28,18,0.0
1592,675,3,18,17.923594767246385
1593,675,11,18,17.923594767246385
1594,675,16,18,17.923594767246385
1595,675,21,18,0.0
1596,676,3,18,17.923594767246385
1597,676,11,18,17.923594767246385
1598,676,16,18,17.923594767246385
1599,676,21,18,0.0
1600,677,3,18,17.923594767246385
1601,677,11,18,0.0
1602,678,3,18,17.923594767246385
1603,678,11,18,0.0
1604,679,3,18,17.923594767246385
1605,679,11,18,0.0
1606,680,3,18,0.0
1607,681,3,18,25.34779080631928
1608,681,11,18,17.923594767246385
1609,681,16,18,25.34779080631928
1610,681,21,18,0.0
1611,682,3,18,17.923594767246385
1612,682,11,18,17.923594767246385
1613,682,16,18,17.923594767246385
1614,682,21,18,17.923594767246385
1615,682,25,18,35.84718953449277
1616,682,26,18,35.84718953449277
1617,682,28,18,0.0
1618,683,3,18,0.0
1619,684,3,18,25.34779080631928
1620,684,11,18,17.923594767246385
1621,684,16,18,17.923594767246385
1622,684,21,18,17.923594767246385
1623,684,25,18,17.923594767246385
1624,684,26,18,17.923594767246385
1625,684,28,18,17.923594767246385
1626,684,29,18,35.84718953449277
1627,684,30,18,114.76700407607993
1628,684,31,18,0.0
1629,685,3,18,17.923594767246385
1630,685,11,18,25.34779080631928
1631,685,16,18,25.34779080631928
1632,685,21,18,0.0
1633,686,3,18,17.923594767246385
1634,686,11,18,25.34779080631928
1635,686,16,18,0.0
1636,687,3,18,0.0
1637,688,3,18,0.0
1638,689,3,18,0.0
1639,690,3,19,0.0
1640,691,3,19,17.923594767246385
1641,691,11,19,0.0
1642,692,3,19,0.0
1643,693,3,19,0.0
1644,694,3,19,0.0
