,0,1,2,3,4,5
0,1,4,car,0.9609201550483704,"[1015, 4, 56, 26]",8
1,1,3,car,0.927635908126831,"[922, 2, 52, 27]",8
2,1,7,person,0.9138153195381165,"[1843, 51, 61, 85]",8
3,1,5,car,0.7295688986778259,"[1095, 0, 47, 11]",8
4,1,2,car,0.7295267581939697,"[231, -2, 139, 40]",8
5,1,0,car,0.6011430621147156,"[68, -2, 125, 41]",8
6,2,4,car,0.9606237411499023,"[1015, 4, 56, 25]",8
7,2,3,car,0.9281355738639832,"[922, 2, 52, 27]",8
8,2,7,person,0.9140573740005493,"[1843, 51, 61, 85]",8
9,2,2,car,0.7295195460319519,"[231, -2, 139, 40]",8
10,2,5,car,0.728339672088623,"[1095, 0, 47, 11]",8
11,2,0,car,0.588729739189148,"[68, -2, 126, 41]",8
12,3,2,car,0.9666722416877747,"[1016, 4, 55, 26]",6
13,3,5,person,0.9157447218894958,"[1844, 51, 58, 85]",6
14,3,1,car,0.8971408605575562,"[923, 2, 49, 27]",6
15,3,3,car,0.8817564249038696,"[1095, 0, 51, 13]",6
16,3,0,car,0.5379987359046936,"[231, 0, 141, 37]",6
17,4,2,car,0.932772696018219,"[1017, 3, 54, 27]",7
18,4,6,person,0.9220262169837952,"[1845, 52, 56, 83]",7
19,4,3,car,0.912094235420227,"[1097, 0, 50, 14]",7
20,4,1,car,0.8458656668663025,"[921, 3, 51, 27]",7
21,4,0,car,0.6413467526435852,"[240, 0, 131, 35]",7
22,5,5,car,0.9373696446418762,"[923, 8, 53, 31]",8
23,5,6,car,0.910836398601532,"[1020, 9, 52, 29]",8
24,5,7,person,0.909227728843689,"[1845, 54, 55, 82]",8
25,5,3,car,0.9047957062721252,"[1097, 0, 50, 15]",8
26,5,0,car,0.7267071604728699,"[246, 0, 122, 35]",8
27,5,4,truck,0.5032822489738464,"[63, -3, 135, 51]",8
28,6,4,car,0.9484368562698364,"[922, 8, 55, 33]",7
29,6,5,car,0.9403865337371826,"[1018, 8, 54, 31]",7
30,6,6,person,0.8891052603721619,"[1844, 55, 53, 80]",7
31,6,3,car,0.8804255127906799,"[1100, 1, 49, 16]",7
32,6,0,car,0.6257106065750122,"[249, 0, 117, 35]",7
33,7,3,car,0.9558305740356445,"[1018, 9, 55, 32]",5
34,7,1,car,0.9258308410644531,"[1100, 0, 49, 18]",5
35,7,2,car,0.922012209892273,"[922, 11, 54, 33]",5
36,7,4,person,0.8867136836051941,"[1845, 58, 52, 77]",5
37,7,0,car,0.6059409976005554,"[260, 2, 98, 26]",5
38,8,3,car,0.9714601039886475,"[1018, 11, 54, 32]",5
39,8,2,car,0.9321706891059875,"[921, 9, 53, 36]",5
40,8,1,car,0.914416491985321,"[1103, 0, 47, 18]",5
41,8,4,person,0.8871596455574036,"[1846, 59, 51, 77]",5
42,8,0,car,0.5326223373413086,"[268, 2, 90, 26]",5
43,9,3,car,0.9786320924758911,"[1017, 14, 60, 32]",5
44,9,1,car,0.9309995770454407,"[920, 12, 54, 35]",5
45,9,0,car,0.9189004898071289,"[1104, 0, 50, 20]",5
46,9,4,person,0.8688607811927795,"[1846, 58, 50, 77]",5
47,10,4,car,0.9844436645507812,"[1015, 16, 63, 33]",6
48,10,2,car,0.9551224708557129,"[917, 12, 54, 36]",6
49,10,1,car,0.9314284324645996,"[1105, 1, 50, 22]",6
50,10,5,person,0.8221556544303894,"[1847, 59, 49, 76]",6
51,10,0,car,0.5021116733551025,"[279, 0, 84, 29]",6
52,11,4,car,0.9804977178573608,"[1016, 15, 64, 36]",8
53,11,1,car,0.9299184083938599,"[1108, 1, 52, 25]",8
54,11,2,car,0.927290141582489,"[917, 11, 55, 40]",8
55,11,7,person,0.8109318614006042,"[1847, 60, 46, 74]",8
56,11,0,car,0.5274342894554138,"[282, 0, 81, 29]",8
57,12,3,car,0.9707918167114258,"[1019, 15, 63, 40]",7
58,12,0,car,0.9243160486221313,"[1105, 2, 59, 23]",7
59,12,1,car,0.8296976089477539,"[917, 11, 52, 41]",7
60,12,6,person,0.8008027076721191,"[1847, 58, 46, 75]",7
61,13,4,car,0.9251294732093811,"[1020, 14, 64, 44]",9
62,13,1,car,0.8924349546432495,"[1109, 2, 57, 28]",9
63,13,6,car,0.8762051463127136,"[913, 31, 58, 31]",9
64,13,8,person,0.8363129496574402,"[1846, 56, 47, 77]",9
65,13,0,car,0.6081982851028442,"[995, 2, 48, 16]",9
66,14,9,car,0.9514569044113159,"[1021, 25, 64, 39]",11
67,14,1,car,0.9006804823875427,"[1109, 1, 57, 27]",11
68,14,7,car,0.896917462348938,"[910, 25, 63, 39]",11
69,14,10,person,0.7886163592338562,"[1846, 57, 49, 75]",11
70,14,0,car,0.7181225419044495,"[996, 1, 49, 19]",11
71,15,8,car,0.9862548112869263,"[1021, 27, 64, 38]",11
72,15,7,car,0.9204220771789551,"[904, 17, 67, 53]",11
73,15,10,person,0.7619615793228149,"[1844, 56, 51, 76]",11
74,15,0,car,0.7140539288520813,"[997, 1, 48, 20]",11
75,15,3,car,0.6135367155075073,"[1124, 3, 52, 24]",11
76,16,6,car,0.9838257431983948,"[1019, 29, 69, 40]",9
77,16,4,car,0.8900152444839478,"[906, 27, 60, 41]",9
78,16,8,person,0.8210189938545227,"[1846, 55, 51, 77]",9
79,16,0,car,0.7397149801254272,"[998, 1, 47, 20]",9
80,16,2,car,0.6812589764595032,"[1121, 2, 57, 27]",9
81,17,7,car,0.9816316962242126,"[1020, 29, 67, 42]",10
82,17,6,car,0.91785728931427,"[904, 21, 64, 56]",10
83,17,4,car,0.8449376821517944,"[1114, 2, 71, 42]",10
84,17,9,person,0.8377479910850525,"[1847, 54, 51, 80]",10
85,17,1,car,0.8259689807891846,"[999, 2, 45, 21]",10
86,17,0,car,0.5960170030593872,"[928, 1, 37, 16]",10
87,18,8,car,0.9635929465293884,"[1019, 27, 71, 50]",11
88,18,6,car,0.9589331150054932,"[898, 25, 69, 56]",11
89,18,2,car,0.8539741039276123,"[1016, 2, 53, 20]",11
90,18,10,person,0.8492308855056763,"[1847, 53, 50, 81]",11
91,18,4,car,0.8284955620765686,"[1116, 1, 74, 44]",11
92,18,0,car,0.6501496434211731,"[927, 1, 40, 16]",11
93,19,7,car,0.9677913188934326,"[1022, 31, 69, 49]",10
94,19,5,car,0.9417864680290222,"[899, 27, 66, 56]",10
95,19,1,car,0.9047985076904297,"[1015, 2, 55, 22]",10
96,19,9,person,0.8614727854728699,"[1847, 53, 51, 80]",10
97,19,2,car,0.8386755585670471,"[1119, 3, 68, 42]",10
98,19,0,car,0.7365759015083313,"[925, 0, 43, 18]",10
99,20,6,car,0.9389834403991699,"[1022, 32, 70, 50]",12
100,20,1,car,0.916961133480072,"[1016, 3, 57, 25]",12
101,20,4,car,0.8692713379859924,"[894, 28, 68, 60]",12
102,20,0,car,0.8516981601715088,"[924, 0, 45, 19]",12
103,20,11,person,0.7925078272819519,"[1848, 50, 51, 83]",12
104,20,2,car,0.7856650352478027,"[1123, 7, 63, 40]",12
105,21,10,car,0.9666337966918945,"[1027, 37, 70, 52]",12
106,21,2,car,0.8989121317863464,"[1011, 2, 61, 29]",12
107,21,8,car,0.8716959953308105,"[895, 37, 69, 57]",12
108,21,0,car,0.842617392539978,"[924, 0, 44, 20]",12
109,21,3,car,0.7925544381141663,"[1126, 9, 62, 40]",12
110,21,11,person,0.7667381763458252,"[1848, 49, 51, 82]",12
111,22,10,car,0.9859564900398254,"[1025, 39, 72, 53]",12
112,22,8,car,0.9748913645744324,"[890, 37, 74, 61]",12
113,22,1,car,0.9320298433303833,"[1008, 1, 65, 32]",12
114,22,0,car,0.9122612476348877,"[923, 0, 46, 21]",12
115,22,3,car,0.8938353061676025,"[1124, 6, 70, 51]",12
116,22,11,person,0.7057059407234192,"[1849, 47, 50, 84]",12
117,23,8,car,0.9935806393623352,"[1026, 42, 73, 55]",10
118,23,7,car,0.9603073000907898,"[891, 38, 71, 63]",10
119,23,0,car,0.9077561497688293,"[923, 0, 46, 22]",10
120,23,1,car,0.9048101305961609,"[1006, 0, 68, 36]",10
121,23,4,car,0.834959864616394,"[1129, 6, 66, 53]",10
122,23,9,person,0.6620429158210754,"[1850, 47, 48, 84]",10
123,23,5,car,0.5179325938224792,"[906, 34, 50, 31]",10
124,24,7,car,0.9907143115997314,"[1027, 45, 76, 55]",9
125,24,6,car,0.9566284418106079,"[890, 40, 70, 66]",9
126,24,0,car,0.9337042570114136,"[922, 0, 49, 23]",9
127,24,1,car,0.8375774025917053,"[1007, 0, 68, 37]",9
128,24,4,car,0.8038703799247742,"[1131, 8, 67, 52]",9
129,24,8,person,0.6164636611938477,"[1851, 46, 49, 85]",9
130,25,7,car,0.9703015685081482,"[1029, 47, 71, 58]",11
131,25,0,car,0.9265820384025574,"[921, 2, 53, 23]",11
132,25,6,car,0.9179630875587463,"[891, 41, 67, 66]",11
133,25,2,car,0.8679649829864502,"[1007, 2, 65, 41]",11
134,25,4,car,0.5743514895439148,"[1136, 9, 66, 55]",11
135,25,10,person,0.513076663017273,"[1850, 46, 49, 85]",11
136,26,9,car,0.9732330441474915,"[1028, 57, 72, 55]",12
137,26,7,car,0.952509343624115,"[880, 59, 79, 60]",12
138,26,0,car,0.9367015957832336,"[920, 2, 56, 24]",12
139,26,1,car,0.8114016056060791,"[1012, 2, 62, 43]",12
140,26,2,car,0.7100722789764404,"[1138, 8, 69, 59]",12
141,26,10,person,0.5071235299110413,"[1850, 44, 50, 85]",12
142,27,9,car,0.9858102202415466,"[1026, 55, 78, 63]",12
143,27,8,car,0.9467102289199829,"[879, 53, 79, 71]",12
144,27,0,car,0.9451680183410645,"[919, 2, 58, 26]",12
145,27,3,car,0.7711349725723267,"[1139, 6, 70, 63]",12
146,27,1,car,0.7464796900749207,"[1015, 2, 62, 46]",12
147,27,11,person,0.5506239533424377,"[1851, 45, 49, 84]",12
148,28,8,car,0.9891005158424377,"[1025, 58, 80, 65]",12
149,28,6,car,0.965945839881897,"[875, 56, 83, 73]",12
150,28,0,car,0.941290020942688,"[917, 3, 57, 26]",12
151,28,5,car,0.8797498345375061,"[1148, 16, 71, 66]",12
152,28,3,car,0.7268771529197693,"[1007, 1, 74, 50]",12
153,28,10,person,0.6004064083099365,"[1852, 44, 48, 84]",12
154,28,1,car,0.5011419653892517,"[1103, -2, 59, 13]",12
155,29,6,car,0.9921642541885376,"[1026, 60, 83, 71]",11
156,29,5,car,0.9801842570304871,"[873, 60, 82, 73]",11
157,29,0,car,0.946725070476532,"[917, 3, 58, 26]",11
158,29,4,car,0.9301466941833496,"[1148, 19, 74, 64]",11
159,29,2,car,0.895557701587677,"[1008, 3, 72, 49]",11
160,29,8,person,0.5452272891998291,"[1852, 44, 49, 84]",11
161,30,8,car,0.9819874167442322,"[1022, 63, 90, 75]",14
162,30,7,car,0.9587257504463196,"[869, 63, 83, 74]",14
163,30,5,car,0.9547592401504517,"[1152, 23, 75, 63]",14
164,30,0,car,0.9316586256027222,"[916, 2, 60, 27]",14
165,30,4,car,0.8555627465248108,"[1010, 5, 70, 49]",14
166,30,1,car,0.6851821541786194,"[1107, -2, 53, 15]",14
167,30,10,person,0.6124740839004517,"[1850, 42, 52, 86]",14
168,31,13,car,0.9882988929748535,"[1023, 70, 89, 74]",17
169,31,11,car,0.9625372886657715,"[860, 69, 92, 81]",17
170,31,5,car,0.9503815770149231,"[1153, 25, 78, 66]",17
171,31,2,car,0.9062458872795105,"[915, 6, 62, 34]",17
172,31,4,car,0.8576080203056335,"[1011, 6, 66, 53]",17
173,31,1,car,0.8392282724380493,"[1111, -1, 50, 16]",17
174,31,10,person,0.609246551990509,"[1852, 42, 49, 85]",17
175,32,12,car,0.9881956577301025,"[1026, 73, 92, 81]",13
176,32,5,car,0.9678225517272949,"[1153, 25, 83, 70]",13
177,32,3,car,0.9507554769515991,"[915, 8, 59, 34]",13
178,32,9,car,0.9344301819801331,"[860, 74, 92, 80]",13
179,32,1,car,0.8175352215766907,"[1114, -1, 44, 16]",13
180,32,4,car,0.7897412180900574,"[1013, 10, 64, 54]",13
181,32,8,person,0.679196298122406,"[1851, 43, 49, 84]",13
182,33,13,car,0.9906302094459534,"[1025, 79, 94, 81]",18
183,33,7,car,0.9775019884109497,"[1154, 31, 91, 73]",18
184,33,10,car,0.9692854285240173,"[860, 81, 90, 79]",18
185,33,3,car,0.9572193026542664,"[915, 10, 61, 34]",18
186,33,4,car,0.8797757625579834,"[1015, 11, 64, 54]",18
187,33,2,car,0.7716616988182068,"[1126, 0, 52, 17]",18
188,33,9,person,0.7177585363388062,"[1851, 43, 49, 84]",18
189,34,15,car,0.9832805395126343,"[1023, 84, 97, 87]",17
190,34,3,car,0.9701203107833862,"[911, 11, 64, 35]",17
191,34,12,car,0.9606924653053284,"[852, 88, 96, 85]",17
192,34,7,car,0.9444122314453125,"[1159, 31, 90, 79]",17
193,34,6,car,0.9164249300956726,"[1010, 13, 71, 61]",17
194,34,2,car,0.8493402004241943,"[1124, 0, 55, 19]",17
195,34,8,person,0.740000307559967,"[1851, 43, 48, 83]",17
196,35,13,car,0.9857996702194214,"[1024, 92, 98, 87]",15
197,35,5,car,0.9730706810951233,"[1163, 36, 96, 81]",15
198,35,2,car,0.9663629531860352,"[910, 10, 65, 39]",15
199,35,9,car,0.9590672850608826,"[849, 93, 99, 86]",15
200,35,1,car,0.9527615308761597,"[1125, 2, 56, 21]",15
201,35,4,car,0.947463870048523,"[1012, 16, 72, 61]",15
202,35,8,person,0.7354567646980286,"[1851, 43, 48, 82]",15
203,36,15,car,0.9832034707069397,"[1023, 99, 100, 85]",20
204,36,2,car,0.9756399989128113,"[1125, 1, 60, 25]",20
205,36,13,car,0.9598188400268555,"[849, 98, 92, 85]",20
206,36,6,car,0.954375684261322,"[1164, 35, 100, 89]",20
207,36,3,car,0.9454165101051331,"[908, 9, 66, 41]",20
208,36,5,car,0.9403598308563232,"[1012, 17, 72, 62]",20
209,36,1,car,0.5569440722465515,"[1016, 1, 52, 13]",20
210,36,12,person,0.5229178667068481,"[1852, 42, 47, 85]",20
211,37,15,car,0.9888620376586914,"[1018, 106, 112, 90]",17
212,37,3,car,0.9762724041938782,"[1128, 1, 58, 26]",17
213,37,6,car,0.9635702967643738,"[1013, 21, 69, 63]",17
214,37,12,car,0.9475876688957214,"[836, 105, 109, 98]",17
215,37,4,car,0.9407271146774292,"[910, 9, 61, 43]",17
216,37,10,car,0.9169926643371582,"[1171, 44, 98, 88]",17
217,37,2,car,0.8236086964607239,"[1015, 1, 54, 16]",17
218,38,15,car,0.983015239238739,"[1018, 114, 114, 91]",19
219,38,10,car,0.9678264856338501,"[1172, 49, 100, 88]",19
220,38,5,car,0.9635092616081238,"[1127, 1, 62, 30]",19
221,38,13,car,0.9618157744407654,"[840, 112, 99, 95]",19
222,38,8,car,0.9549347162246704,"[1014, 23, 70, 64]",19
223,38,7,car,0.9450849890708923,"[908, 7, 65, 51]",19
224,38,4,car,0.8571106791496277,"[1013, 1, 56, 16]",19
225,39,19,car,0.9890440702438354,"[1020, 121, 112, 96]",21
226,39,11,car,0.975260317325592,"[1175, 55, 104, 90]",21
227,39,9,car,0.9601123332977295,"[1013, 25, 71, 68]",21
228,39,4,car,0.954373300075531,"[1128, 2, 63, 30]",21
229,39,6,car,0.9415917992591858,"[907, 9, 64, 52]",21
230,39,17,car,0.9152783155441284,"[835, 120, 109, 106]",21
231,39,3,car,0.8890063762664795,"[1015, 2, 53, 17]",21
232,40,16,car,0.9804779887199402,"[1024, 133, 116, 92]",18
233,40,9,car,0.979472279548645,"[1015, 35, 73, 61]",18
234,40,6,car,0.9478320479393005,"[1129, 1, 65, 42]",18
235,40,12,car,0.9373723864555359,"[1182, 63, 106, 87]",18
236,40,0,car,0.8906208276748657,"[816, 133, 123, 113]",18
237,40,2,car,0.8872991800308228,"[1016, 1, 51, 21]",18
238,40,4,car,0.8547729253768921,"[909, 10, 58, 41]",18
239,41,10,car,0.9845929145812988,"[1016, 36, 72, 64]",18
240,41,2,car,0.9675921201705933,"[1017, 0, 53, 21]",18
241,41,16,car,0.9611230492591858,"[1029, 142, 110, 96]",18
242,41,6,car,0.945794403553009,"[1129, 0, 70, 45]",18
243,41,0,car,0.9326577186584473,"[814, 143, 122, 112]",18
244,41,9,car,0.9152218699455261,"[902, 18, 67, 53]",18
245,41,11,car,0.8796135783195496,"[1190, 66, 106, 96]",18
246,42,9,car,0.9821212887763977,"[901, 18, 68, 56]",18
247,42,3,car,0.975042998790741,"[1017, 1, 55, 24]",18
248,42,10,car,0.9640701413154602,"[1018, 37, 71, 69]",18
249,42,1,car,0.9637998938560486,"[1024, 147, 123, 103]",18
250,42,2,car,0.9533899426460266,"[810, 159, 128, 104]",18
251,42,6,car,0.9317180514335632,"[1133, 3, 70, 42]",18
252,42,11,car,0.9137803912162781,"[1193, 70, 110, 100]",18
253,43,9,car,0.9823752045631409,"[899, 21, 72, 55]",20
254,43,4,car,0.9804129600524902,"[1026, 162, 129, 98]",20
255,43,5,car,0.9798963069915771,"[1019, 0, 52, 26]",20
256,43,10,car,0.9590526819229126,"[1018, 39, 70, 74]",20
257,43,3,car,0.9477418661117554,"[804, 164, 126, 121]",20
258,43,7,car,0.942009687423706,"[1137, 6, 68, 41]",20
259,43,14,car,0.8733578324317932,"[1199, 79, 118, 104]",20
260,44,3,car,0.9945996999740601,"[1026, 170, 133, 110]",14
261,44,7,car,0.9884833097457886,"[897, 23, 72, 57]",14
262,44,8,car,0.98023521900177,"[1014, 41, 78, 77]",14
263,44,4,car,0.9720204472541809,"[1018, 1, 54, 28]",14
264,44,2,car,0.9468044638633728,"[795, 170, 136, 129]",14
265,44,6,car,0.902360200881958,"[1140, 1, 68, 50]",14
266,44,10,car,0.8981230854988098,"[1202, 90, 121, 99]",14
267,45,2,car,0.989420473575592,"[1024, 184, 145, 109]",17
268,45,8,car,0.9858381748199463,"[898, 26, 69, 57]",17
269,45,5,car,0.961250364780426,"[1015, 2, 57, 29]",17
270,45,11,car,0.9477320909500122,"[1015, 48, 81, 77]",17
271,45,7,car,0.9407908320426941,"[1145, 3, 66, 51]",17
272,45,13,car,0.9302405118942261,"[1211, 95, 122, 95]",17
273,45,4,car,0.9192421436309814,"[779, 187, 146, 134]",17
274,46,4,car,0.9971657991409302,"[1022, 198, 155, 112]",17
275,46,11,car,0.9890776872634888,"[897, 27, 67, 60]",17
276,46,7,car,0.9682402014732361,"[1013, 2, 58, 30]",17
277,46,3,car,0.9650231003761292,"[781, 196, 136, 144]",17
278,46,9,car,0.9317134022712708,"[1145, 5, 67, 53]",17
279,46,14,car,0.8345373272895813,"[1019, 49, 77, 82]",17
280,46,0,truck,0.6932240128517151,"[1217, 99, 119, 108]",17
281,47,3,car,0.9972149133682251,"[1019, 209, 164, 122]",17
282,47,12,car,0.9787048697471619,"[896, 28, 64, 60]",17
283,47,7,car,0.9632506966590881,"[1014, 2, 60, 31]",17
284,47,11,car,0.950199544429779,"[1149, 7, 69, 56]",17
285,47,2,car,0.8959311246871948,"[775, 208, 137, 154]",17
286,47,16,car,0.8532052636146545,"[1219, 109, 130, 101]",17
287,47,14,car,0.8454248309135437,"[1022, 52, 75, 88]",17
288,48,3,car,0.9927440881729126,"[1021, 218, 162, 129]",19
289,48,15,car,0.9894160628318787,"[892, 31, 73, 70]",19
290,48,11,car,0.9536318778991699,"[1152, 8, 68, 58]",19
291,48,6,car,0.9444749355316162,"[755, 222, 157, 162]",19
292,48,10,car,0.93892902135849,"[1017, 2, 55, 40]",19
293,48,16,car,0.8840813636779785,"[1022, 54, 77, 91]",19
294,48,1,truck,0.6865760087966919,"[1222, 117, 140, 119]",19
295,49,7,car,0.9982795119285583,"[1034, 238, 153, 133]",18
296,49,15,car,0.9865781664848328,"[890, 34, 76, 70]",18
297,49,10,car,0.9802075624465942,"[1016, 3, 57, 38]",18
298,49,14,car,0.9419753551483154,"[1158, 16, 65, 57]",18
299,49,4,car,0.922672688961029,"[743, 238, 166, 172]",18
300,49,16,car,0.774584949016571,"[1022, 54, 81, 94]",18
301,49,0,truck,0.6372435092926025,"[1225, 125, 154, 122]",18
302,50,5,car,0.9986347556114197,"[1031, 249, 163, 142]",20
303,50,16,car,0.9912842512130737,"[889, 38, 75, 70]",20
304,50,8,car,0.9883313775062561,"[733, 258, 169, 181]",20
305,50,14,car,0.9778249859809875,"[1156, 15, 76, 62]",20
306,50,17,car,0.9695649743080139,"[1020, 69, 86, 94]",20
307,50,11,car,0.9684537649154663,"[1015, 2, 61, 43]",20
308,50,2,truck,0.6313404440879822,"[1226, 149, 180, 119]",20
309,51,11,car,0.9991370439529419,"[1032, 274, 171, 144]",29
310,51,20,car,0.9878262877464294,"[1157, 21, 80, 60]",29
311,51,22,car,0.9832467436790466,"[889, 41, 72, 68]",29
312,51,16,car,0.9830915927886963,"[719, 274, 190, 207]",29
313,51,18,car,0.9754877686500549,"[1017, 5, 58, 40]",29
314,51,27,car,0.9478874802589417,"[1021, 80, 90, 92]",29
315,51,4,car,0.7868121266365051,"[1254, 148, 156, 132]",29
316,52,4,car,0.9990139603614807,"[1029, 287, 190, 160]",26
317,52,10,car,0.9820151925086975,"[717, 298, 193, 215]",26
318,52,16,car,0.9741395115852356,"[1019, 10, 53, 37]",26
319,52,17,car,0.9725790619850159,"[1160, 23, 81, 63]",26
320,52,19,car,0.9669983386993408,"[888, 46, 73, 66]",26
321,52,2,car,0.9575441479682922,"[1256, 161, 167, 130]",26
322,52,25,car,0.9366335868835449,"[1024, 79, 94, 102]",26
323,53,4,car,0.9990406036376953,"[1019, 305, 210, 173]",21
324,53,8,car,0.9897844791412354,"[695, 328, 201, 223]",21
325,53,16,car,0.9871381521224976,"[876, 52, 87, 76]",21
326,53,13,car,0.9737337231636047,"[1166, 24, 77, 67]",21
327,53,11,car,0.970328152179718,"[1021, 9, 54, 40]",21
328,53,19,car,0.9677775502204895,"[1024, 85, 95, 105]",21
329,53,1,car,0.9469856023788452,"[1265, 171, 179, 134]",21
330,54,9,car,0.9975849390029907,"[1021, 327, 221, 185]",26
331,54,18,car,0.9891839027404785,"[1171, 29, 78, 71]",26
332,54,12,car,0.9857693314552307,"[663, 347, 236, 247]",26
333,54,19,car,0.9801757335662842,"[877, 55, 82, 79]",26
334,54,23,car,0.9546722769737244,"[1025, 88, 94, 104]",26
335,54,15,car,0.94328773021698,"[1022, 10, 54, 44]",26
336,54,3,car,0.8245587348937988,"[1261, 178, 213, 153]",26
337,54,14,car,0.5776082277297974,"[1100, -1, 53, 8]",26
338,55,7,car,0.9981735348701477,"[1038, 341, 206, 215]",26
339,55,12,car,0.9957507848739624,"[645, 371, 237, 278]",26
340,55,19,car,0.9900928139686584,"[1168, 27, 91, 79]",26
341,55,21,car,0.9394841194152832,"[873, 56, 88, 86]",26
342,55,25,car,0.9353920221328735,"[1021, 95, 101, 115]",26
343,55,15,car,0.9134224653244019,"[1023, 10, 53, 46]",26
344,55,1,car,0.8679489493370056,"[1276, 195, 224, 162]",26
345,55,14,car,0.6515906453132629,"[1102, -1, 51, 9]",26
346,56,12,car,0.9987683296203613,"[1043, 370, 221, 229]",33
347,56,17,car,0.9918950796127319,"[623, 413, 243, 299]",33
348,56,26,car,0.9880766868591309,"[1177, 34, 87, 76]",33
349,56,28,car,0.919880747795105,"[866, 62, 97, 87]",33
350,56,22,car,0.9088215231895447,"[1019, 10, 61, 53]",33
351,56,31,car,0.8824041485786438,"[1025, 103, 98, 114]",33
352,56,9,car,0.8211166262626648,"[1291, 213, 228, 169]",33
353,56,20,car,0.6617147326469421,"[1101, -1, 53, 11]",33
354,57,4,car,0.9981542229652405,"[1050, 398, 235, 253]",25
355,57,11,car,0.991462767124176,"[584, 477, 283, 297]",25
356,57,19,car,0.9808254241943359,"[1178, 36, 88, 81]",25
357,57,22,car,0.9557340741157532,"[865, 69, 90, 85]",25
358,57,16,car,0.9501780271530151,"[1019, 27, 63, 42]",25
359,57,24,car,0.9029403924942017,"[1020, 117, 108, 112]",25
360,57,1,truck,0.8377755284309387,"[1303, 225, 230, 173]",25
361,57,14,car,0.8357781767845154,"[1106, -2, 52, 14]",25
362,57,13,car,0.6491209268569946,"[1020, 4, 50, 19]",25
363,58,11,car,0.9977831840515137,"[1071, 436, 227, 255]",30
364,58,15,car,0.9966403245925903,"[544, 505, 315, 352]",30
365,58,23,car,0.9867669343948364,"[1177, 44, 97, 81]",30
366,58,25,car,0.945598304271698,"[865, 72, 94, 90]",30
367,58,21,car,0.9439505338668823,"[1016, 21, 66, 55]",30
368,58,19,car,0.8841131329536438,"[1110, -1, 47, 15]",30
369,58,7,car,0.8522719144821167,"[1320, 245, 254, 189]",30
370,58,18,car,0.8311694860458374,"[1018, 1, 51, 19]",30
371,58,1,car,0.744620144367218,"[1010, 117, 118, 119]",30
372,59,13,car,0.998710572719574,"[1068, 459, 255, 301]",32
373,59,19,car,0.9986541271209717,"[509, 560, 338, 400]",32
374,59,26,car,0.9882974624633789,"[1183, 47, 98, 84]",32
375,59,24,car,0.9724235534667969,"[1018, 21, 63, 59]",32
376,59,28,car,0.9443642497062683,"[863, 79, 92, 83]",32
377,59,21,car,0.8836967349052429,"[1021, 0, 48, 19]",32
378,59,22,car,0.8608123660087585,"[1111, -1, 46, 16]",32
379,59,5,car,0.833578884601593,"[1342, 259, 245, 189]",32
380,59,4,bus,0.6022800803184509,"[1016, 119, 116, 131]",32
381,60,15,car,0.9990941882133484,"[1055, 517, 301, 315]",31
382,60,19,car,0.9910218119621277,"[469, 612, 343, 451]",31
383,60,26,car,0.9890623092651367,"[1188, 54, 98, 84]",31
384,60,25,car,0.9744748473167419,"[1019, 26, 64, 59]",31
385,60,29,car,0.9686182737350464,"[855, 88, 99, 92]",31
386,60,21,car,0.9246914982795715,"[1016, 0, 53, 22]",31
387,60,6,car,0.9138484597206116,"[1011, 152, 128, 116]",31
388,60,10,car,0.8891552090644836,"[1357, 285, 269, 220]",31
389,60,22,car,0.7267162203788757,"[1111, -1, 44, 16]",31
390,61,16,car,0.9964767098426819,"[1079, 579, 310, 350]",33
391,61,27,car,0.9841129779815674,"[1195, 52, 102, 94]",33
392,61,30,car,0.9536556601524353,"[857, 94, 97, 92]",33
393,61,21,car,0.9092974662780762,"[1016, 0, 54, 24]",33
394,61,24,car,0.9076703190803528,"[1018, 24, 67, 67]",33
395,61,19,car,0.8723969459533691,"[422, 670, 381, 381]",33
396,61,8,car,0.8099467158317566,"[1014, 157, 131, 119]",33
397,61,23,car,0.7917842864990234,"[1129, 0, 47, 17]",33
398,61,11,car,0.6329997777938843,"[1386, 304, 284, 243]",33
399,62,17,car,0.9936214685440063,"[1091, 615, 352, 400]",32
400,62,30,car,0.9541948437690735,"[849, 103, 104, 97]",32
401,62,26,car,0.953397274017334,"[1196, 62, 107, 92]",32
402,62,24,car,0.9465492963790894,"[1019, 35, 69, 61]",32
403,62,21,car,0.9459390640258789,"[1015, 0, 57, 27]",32
404,62,3,car,0.9432289004325867,"[314, 732, 503, 343]",32
405,62,22,car,0.9155203700065613,"[1129, 0, 50, 20]",32
406,62,11,truck,0.7511448264122009,"[1399, 318, 319, 263]",32
407,62,9,truck,0.638736367225647,"[1015, 152, 136, 140]",32
408,63,12,car,0.9921266436576843,"[1105, 672, 375, 384]",25
409,63,23,car,0.9491472244262695,"[846, 107, 103, 101]",25
410,63,16,car,0.9428572654724121,"[1014, 1, 59, 27]",25
411,63,17,car,0.9423487186431885,"[1129, 0, 55, 22]",25
412,63,19,car,0.9385582804679871,"[1019, 38, 72, 64]",25
413,63,22,car,0.9124816656112671,"[1205, 66, 103, 99]",25
414,63,0,truck,0.8934718370437622,"[1407, 364, 366, 255]",25
415,63,7,truck,0.8353617191314697,"[1019, 160, 134, 145]",25
416,63,4,car,0.6201382875442505,"[309, 859, 465, 214]",25
417,64,17,car,0.9690510630607605,"[1017, 41, 75, 65]",24
418,64,18,car,0.9660793542861938,"[1210, 74, 104, 95]",24
419,64,15,car,0.9645469188690186,"[1010, 2, 61, 28]",24
420,64,7,car,0.9602037668228149,"[838, 115, 110, 107]",24
421,64,16,car,0.9492069482803345,"[1129, 1, 60, 25]",24
422,64,12,car,0.9340865612030029,"[1114, 725, 378, 342]",24
423,64,0,truck,0.85129314661026,"[1414, 395, 409, 303]",24
424,64,9,car,0.801506519317627,"[1010, 185, 157, 143]",24
425,65,1,car,0.9768216609954834,"[1067, 815, 466, 258]",22
426,65,19,car,0.971769392490387,"[1218, 84, 107, 98]",22
427,65,14,car,0.9645695090293884,"[1012, 2, 61, 30]",22
428,65,15,car,0.9396275877952576,"[1128, 1, 63, 30]",22
429,65,7,car,0.932793915271759,"[834, 117, 112, 113]",22
430,65,17,car,0.9313502311706543,"[1019, 40, 71, 73]",22
431,65,12,car,0.7977641224861145,"[1502, 467, 424, 325]",22
432,65,8,truck,0.6672491431236267,"[1017, 188, 148, 157]",22
433,66,20,car,0.9721333384513855,"[1226, 89, 110, 103]",26
434,66,7,car,0.9530225992202759,"[834, 128, 109, 120]",26
435,66,14,car,0.9498544931411743,"[1013, 2, 58, 31]",26
436,66,18,car,0.9495214819908142,"[1023, 42, 70, 76]",26
437,66,15,car,0.93789142370224,"[1129, 0, 63, 32]",26
438,66,4,car,0.8848775029182434,"[1100, 902, 535, 167]",26
439,66,1,truck,0.8635672926902771,"[1503, 495, 436, 382]",26
440,66,10,truck,0.6198488473892212,"[1020, 222, 160, 148]",26
441,67,17,car,0.946999192237854,"[1026, 52, 69, 73]",20
442,67,15,car,0.9436688423156738,"[1131, 2, 65, 40]",20
443,67,2,car,0.9367300868034363,"[815, 136, 130, 125]",20
444,67,13,car,0.9344000816345215,"[1012, 2, 61, 41]",20
445,67,1,car,0.86676424741745,"[1225, 92, 114, 112]",20
446,67,8,truck,0.7513585090637207,"[1583, 515, 328, 491]",20
447,67,5,truck,0.6761470437049866,"[1024, 214, 153, 176]",20
448,67,9,car,0.6301466822624207,"[1146, 1024, 440, 49]",20
449,68,4,car,0.9743052124977112,"[808, 153, 140, 119]",19
450,68,15,car,0.9695471525192261,"[1025, 53, 72, 81]",19
451,68,11,car,0.9638323783874512,"[1014, 3, 62, 42]",19
452,68,13,car,0.9381372928619385,"[1133, 2, 65, 41]",19
453,68,9,car,0.9255878925323486,"[1036, 259, 152, 158]",19
454,68,0,car,0.8990691900253296,"[1234, 95, 115, 119]",19
455,69,10,car,0.9823052883148193,"[1014, 5, 62, 39]",19
456,69,14,car,0.9821997284889221,"[1027, 57, 72, 83]",19
457,69,12,car,0.9383072257041931,"[1137, 5, 68, 40]",19
458,69,1,car,0.9113426208496094,"[1238, 114, 127, 113]",19
459,69,6,car,0.9063923358917236,"[1030, 245, 165, 193]",19
460,69,2,car,0.892995297908783,"[808, 157, 133, 130]",19
461,69,8,car,0.8863484859466553,"[1686, 652, 232, 398]",19
462,70,1,car,0.9867486953735352,"[802, 167, 144, 134]",16
463,70,9,car,0.9866454005241394,"[1015, 8, 61, 39]",16
464,70,14,car,0.977481484413147,"[1025, 64, 80, 86]",16
465,70,0,car,0.9369491934776306,"[1243, 119, 145, 125]",16
466,70,6,car,0.935928225517273,"[1036, 286, 159, 189]",16
467,70,12,car,0.9109810590744019,"[1140, 1, 70, 48]",16
468,70,8,car,0.6922153830528259,"[1733, 713, 185, 344]",16
469,71,5,car,0.9881475567817688,"[781, 182, 158, 142]",16
470,71,9,car,0.9820802211761475,"[1015, 10, 62, 38]",16
471,71,2,car,0.979608416557312,"[1257, 135, 148, 120]",16
472,71,12,car,0.9633530378341675,"[1143, 3, 69, 51]",16
473,71,14,car,0.9403470158576965,"[1024, 70, 81, 86]",16
474,71,6,car,0.8598551750183105,"[1037, 283, 173, 217]",16
475,72,1,car,0.9839719533920288,"[1261, 138, 148, 131]",18
476,72,5,car,0.97812420129776,"[783, 189, 156, 149]",18
477,72,14,car,0.977898359298706,"[1024, 74, 83, 91]",18
478,72,10,car,0.9728173613548279,"[1021, 11, 55, 40]",18
479,72,12,car,0.9540280103683472,"[1140, 6, 77, 52]",18
480,72,7,car,0.8842960596084595,"[1042, 314, 181, 225]",18
481,73,1,car,0.9862773418426514,"[1275, 152, 155, 135]",18
482,73,16,car,0.9836599230766296,"[1024, 86, 87, 88]",18
483,73,9,car,0.971667468547821,"[1016, 11, 68, 51]",18
484,73,11,car,0.9380962252616882,"[1149, 6, 72, 55]",18
485,73,2,car,0.9369427561759949,"[789, 196, 143, 162]",18
486,73,6,car,0.8964279294013977,"[1045, 340, 206, 248]",18
487,73,7,car,0.6002768278121948,"[1097, -1, 65, 7]",18
488,73,13,person,0.5224189758300781,"[1870, 35, 42, 81]",18
489,74,0,car,0.9908766746520996,"[1279, 163, 168, 134]",17
490,74,15,car,0.9889809489250183,"[1028, 87, 87, 97]",17
491,74,8,car,0.9465022683143616,"[1020, 13, 67, 50]",17
492,74,9,car,0.9421113133430481,"[1153, 7, 72, 58]",17
493,74,2,car,0.8749573230743408,"[777, 199, 154, 174]",17
494,74,5,car,0.7996480464935303,"[1053, 375, 210, 260]",17
495,74,6,car,0.6850872039794922,"[1102, 0, 57, 8]",17
496,74,13,person,0.5935519933700562,"[1869, 35, 43, 81]",17
497,75,0,car,0.9873461127281189,"[1289, 171, 181, 148]",22
498,75,21,car,0.9859355092048645,"[1023, 96, 97, 104]",22
499,75,14,car,0.9587172269821167,"[1018, 25, 65, 43]",22
500,75,13,car,0.9376690983772278,"[1156, 7, 70, 60]",22
501,75,4,car,0.9189403653144836,"[759, 225, 165, 183]",22
502,75,9,car,0.9032390713691711,"[1072, 406, 226, 283]",22
503,75,10,car,0.67133629322052,"[1106, 0, 50, 8]",22
504,75,17,person,0.592860758304596,"[1869, 35, 42, 81]",22
505,76,1,car,0.9891856908798218,"[1286, 193, 223, 152]",25
506,76,24,car,0.9833188056945801,"[1021, 99, 102, 108]",25
507,76,6,car,0.9793118238449097,"[735, 246, 187, 190]",25
508,76,19,car,0.9747304320335388,"[1015, 19, 69, 55]",25
509,76,20,car,0.955883264541626,"[1162, 14, 70, 63]",25
510,76,12,car,0.9269664883613586,"[1070, 429, 235, 335]",25
511,76,15,car,0.6484604477882385,"[1107, 0, 49, 9]",25
512,76,21,person,0.6461138725280762,"[1869, 35, 44, 81]",25
513,77,2,car,0.9874253869056702,"[1314, 203, 203, 164]",26
514,77,15,car,0.9854074716567993,"[1071, 497, 262, 351]",26
515,77,23,car,0.9811835289001465,"[1023, 108, 101, 106]",26
516,77,19,car,0.9775612354278564,"[1018, 23, 67, 56]",26
517,77,8,car,0.962957501411438,"[734, 255, 174, 209]",26
518,77,20,car,0.961401104927063,"[1163, 18, 74, 63]",26
519,77,17,car,0.761515736579895,"[1127, 0, 55, 15]",26
520,77,21,person,0.6584362983703613,"[1867, 35, 45, 81]",26
521,78,3,car,0.9912578463554382,"[1328, 222, 207, 172]",23
522,78,11,car,0.9876335859298706,"[727, 272, 185, 236]",23
523,78,22,car,0.9699947834014893,"[1020, 118, 112, 112]",23
524,78,19,car,0.9673081040382385,"[1020, 27, 65, 54]",23
525,78,20,car,0.9598387479782104,"[1165, 20, 76, 65]",23
526,78,14,car,0.9370605945587158,"[1070, 568, 289, 375]",23
527,78,17,car,0.8356630206108093,"[1126, 0, 58, 16]",23
528,78,21,person,0.6424410939216614,"[1867, 34, 45, 82]",23
529,78,15,car,0.6133908629417419,"[1024, 0, 48, 10]",23
530,79,2,car,0.9840782284736633,"[1344, 241, 222, 172]",30
531,79,15,car,0.980049192905426,"[723, 302, 184, 244]",30
532,79,22,car,0.9498776793479919,"[1022, 30, 69, 57]",30
533,79,23,car,0.9493761658668518,"[1169, 20, 73, 72]",30
534,79,28,car,0.94545578956604,"[1027, 128, 107, 105]",30
535,79,21,car,0.9315282106399536,"[1127, 0, 56, 17]",30
536,79,18,car,0.7788371443748474,"[1109, 585, 301, 442]",30
537,79,20,car,0.7564366459846497,"[1023, 0, 50, 9]",30
538,79,27,person,0.6720308065414429,"[1867, 33, 46, 84]",30
539,80,4,car,0.9903377294540405,"[1359, 266, 227, 177]",30
540,80,28,car,0.9753676652908325,"[1026, 141, 112, 113]",30
541,80,12,car,0.9750758409500122,"[718, 327, 193, 235]",30
542,80,23,car,0.9698432683944702,"[1023, 36, 67, 55]",30
543,80,19,car,0.9571103453636169,"[1128, 0, 57, 19]",30
544,80,24,car,0.9477667808532715,"[1176, 25, 76, 77]",30
545,80,1,car,0.8373700976371765,"[1072, 613, 405, 454]",30
546,80,18,car,0.8223729729652405,"[1024, -1, 51, 11]",30
547,80,27,person,0.7047961950302124,"[1866, 33, 46, 83]",30
548,81,7,car,0.9961687922477722,"[1389, 286, 240, 210]",26
549,81,19,car,0.9860072135925293,"[1024, 38, 68, 58]",26
550,81,11,car,0.9839379191398621,"[676, 370, 237, 263]",26
551,81,15,car,0.9698623418807983,"[1129, 2, 58, 21]",26
552,81,21,car,0.966154932975769,"[1178, 27, 84, 79]",26
553,81,2,car,0.9574489593505859,"[1025, 159, 126, 106]",26
554,81,12,car,0.8793326616287231,"[1120, 673, 351, 387]",26
555,81,14,car,0.847392201423645,"[1023, -1, 53, 12]",26
556,81,23,person,0.7080101370811462,"[1866, 33, 46, 83]",26
557,82,11,car,0.988310694694519,"[1024, 42, 70, 59]",17
558,82,8,car,0.9818617105484009,"[655, 395, 251, 298]",17
559,82,4,car,0.9807794094085693,"[1402, 303, 276, 234]",17
560,82,10,car,0.9805424809455872,"[1129, 2, 59, 25]",17
561,82,13,car,0.9439562559127808,"[1181, 30, 84, 79]",17
562,82,9,car,0.8860333561897278,"[1021, -1, 56, 14]",17
563,82,0,car,0.8086275458335876,"[1028, 165, 129, 116]",17
564,82,15,person,0.6617367267608643,"[1867, 34, 45, 82]",17
565,83,4,car,0.9909088015556335,"[1431, 340, 294, 251]",16
566,83,8,car,0.9791422486305237,"[632, 423, 267, 323]",16
567,83,11,car,0.9713324904441833,"[1024, 45, 70, 62]",16
568,83,10,car,0.9651962518692017,"[1130, 3, 61, 27]",16
569,83,9,car,0.8850611448287964,"[1021, -1, 58, 15]",16
570,83,12,car,0.8475571870803833,"[1184, 33, 83, 83]",16
571,83,0,car,0.7209902405738831,"[1028, 170, 131, 132]",16
572,83,13,person,0.6102933883666992,"[1856, 35, 45, 84]",16
573,84,12,car,0.9930280447006226,"[605, 465, 286, 330]",22
574,84,6,car,0.9814354181289673,"[1454, 369, 316, 275]",22
575,84,15,car,0.9556270241737366,"[1132, 2, 61, 30]",22
576,84,16,car,0.9119412899017334,"[1024, 46, 70, 67]",22
577,84,21,car,0.8992485404014587,"[1184, 43, 94, 82]",22
578,84,14,car,0.8943748474121094,"[1022, -2, 57, 17]",22
579,84,3,car,0.6930434703826904,"[1045, 193, 128, 124]",22
580,84,18,person,0.5752923488616943,"[1856, 35, 46, 84]",22
581,85,5,car,0.9775264859199524,"[1476, 409, 356, 290]",22
582,85,16,car,0.9602656364440918,"[1131, 2, 63, 39]",22
583,85,11,car,0.9540024399757385,"[573, 527, 312, 371]",22
584,85,21,car,0.9324843287467957,"[1189, 47, 94, 82]",22
585,85,14,car,0.9254403710365295,"[1023, -1, 56, 17]",22
586,85,2,truck,0.8004512190818787,"[1029, 196, 142, 146]",22
587,85,17,car,0.7912366390228271,"[1024, 40, 70, 79]",22
588,85,13,car,0.548305094242096,"[925, 0, 39, 8]",22
589,85,19,person,0.5342590808868408,"[1868, 32, 44, 85]",22
590,86,9,car,0.9795281887054443,"[1493, 446, 432, 337]",26
591,86,20,car,0.9743981957435608,"[1135, 3, 64, 39]",26
592,86,14,car,0.9467847943305969,"[546, 555, 330, 415]",26
593,86,24,car,0.933941125869751,"[1193, 52, 95, 87]",26
594,86,18,car,0.9328297972679138,"[1025, 0, 53, 17]",26
595,86,7,truck,0.706658124923706,"[1045, 224, 132, 141]",26
596,86,17,car,0.6787523627281189,"[925, 0, 41, 8]",26
597,86,23,car,0.6583452224731445,"[1030, 55, 64, 72]",26
598,86,21,person,0.5641178488731384,"[1855, 34, 46, 85]",26
599,87,7,car,0.9951533675193787,"[1554, 494, 369, 387]",24
600,87,13,car,0.9666330814361572,"[1137, 4, 66, 41]",24
601,87,18,car,0.952978253364563,"[1195, 54, 108, 91]",24
602,87,12,car,0.9447367787361145,"[1025, 0, 55, 18]",24
603,87,9,car,0.9407455325126648,"[490, 595, 384, 451]",24
604,87,17,car,0.8853291869163513,"[1028, 63, 66, 73]",24
605,87,5,truck,0.8210951685905457,"[1043, 227, 140, 154]",24
606,87,11,car,0.7579617500305176,"[925, 0, 42, 8]",24
607,87,15,person,0.6025211811065674,"[1855, 35, 47, 84]",24
608,88,5,car,0.9917610883712769,"[1607, 534, 310, 485]",26
609,88,20,car,0.9745935201644897,"[1026, 68, 78, 77]",26
610,88,12,car,0.9443176984786987,"[1024, 1, 56, 18]",26
611,88,24,car,0.9183861017227173,"[1204, 60, 105, 97]",26
612,88,15,car,0.899675726890564,"[1141, -1, 67, 49]",26
613,88,3,truck,0.8909292221069336,"[1039, 253, 156, 165]",26
614,88,11,car,0.7992503046989441,"[926, 0, 42, 9]",26
615,88,9,car,0.6438666582107544,"[464, 639, 375, 427]",26
616,88,16,person,0.533359706401825,"[1856, 35, 45, 85]",26
617,89,11,car,0.9657430648803711,"[1031, 75, 81, 78]",14
618,89,4,car,0.9465797543525696,"[1027, 2, 56, 21]",14
619,89,13,car,0.8747474551200867,"[1208, 66, 101, 99]",14
620,89,0,truck,0.7983378767967224,"[1044, 266, 156, 170]",14
621,89,3,car,0.7919855713844299,"[927, 0, 41, 11]",14
622,89,1,car,0.759711503982544,"[1668, 586, 254, 456]",14
623,89,6,car,0.746179461479187,"[1146, 0, 63, 52]",14
624,89,9,person,0.5343191027641296,"[1867, 34, 44, 83]",14
625,90,8,car,0.9575950503349304,"[1032, 82, 81, 76]",15
626,90,4,car,0.9340412020683289,"[1026, 2, 60, 24]",15
627,90,9,car,0.8606675267219543,"[1218, 74, 100, 94]",15
628,90,6,car,0.8235053420066833,"[1144, 0, 77, 55]",15
629,90,2,truck,0.8167241811752319,"[1034, 282, 177, 192]",15
630,90,3,car,0.7859132885932922,"[926, 0, 41, 13]",15
631,91,11,car,0.9887281060218811,"[1030, 89, 86, 86]",14
632,91,6,car,0.9445130228996277,"[1024, 3, 61, 26]",14
633,91,5,car,0.88142991065979,"[924, 0, 44, 15]",14
634,91,8,car,0.8394633531570435,"[1148, 3, 70, 57]",14
635,91,12,car,0.8018332719802856,"[1224, 81, 105, 101]",14
636,91,4,truck,0.7434491515159607,"[1038, 323, 190, 190]",14
637,91,9,person,0.5292702913284302,"[1869, 32, 43, 85]",14
638,92,12,car,0.9855489730834961,"[1031, 93, 84, 89]",15
639,92,8,car,0.9589803814888,"[1151, 7, 68, 56]",15
640,92,5,car,0.9277421832084656,"[1027, 3, 60, 27]",15
641,92,4,car,0.9224410653114319,"[924, 0, 45, 16]",15
642,92,0,truck,0.8153151273727417,"[1222, 82, 111, 110]",15
643,92,1,car,0.7056553959846497,"[1058, 336, 182, 209]",15
644,92,10,person,0.5197834372520447,"[1868, 33, 44, 85]",15
645,93,14,car,0.9794567227363586,"[1025, 103, 98, 91]",15
646,93,6,car,0.9370772242546082,"[925, 0, 42, 16]",15
647,93,10,car,0.9079689383506775,"[1156, 14, 64, 56]",15
648,93,8,car,0.8935423493385315,"[1030, 7, 59, 33]",15
649,93,0,truck,0.8621054291725159,"[1228, 88, 113, 111]",15
650,93,5,truck,0.785920262336731,"[1053, 388, 215, 223]",15
651,93,11,person,0.5332014560699463,"[1868, 34, 44, 84]",15
652,94,9,car,0.9748615026473999,"[1030, 110, 96, 90]",11
653,94,3,car,0.9632205963134766,"[924, 0, 44, 17]",11
654,94,5,car,0.8879449367523193,"[1028, 6, 63, 35]",11
655,94,7,car,0.8385147452354431,"[1156, 12, 71, 63]",11
656,94,0,truck,0.7693410515785217,"[1236, 94, 118, 118]",11
657,94,8,person,0.6116851568222046,"[1869, 33, 43, 84]",11
658,94,2,truck,0.5735674500465393,"[1062, 358, 209, 262]",11
659,95,11,car,0.982378363609314,"[1031, 123, 103, 92]",13
660,95,4,car,0.9664183855056763,"[924, 1, 43, 17]",13
661,95,8,car,0.916807234287262,"[1155, 15, 78, 65]",13
662,95,6,car,0.907608687877655,"[1030, 8, 64, 36]",13
663,95,3,car,0.6548354625701904,"[1072, 446, 237, 276]",13
664,95,9,person,0.6425498127937317,"[1869, 34, 43, 83]",13
665,95,0,truck,0.5869638919830322,"[1237, 97, 130, 128]",13
666,96,13,car,0.986721396446228,"[1033, 132, 107, 93]",15
667,96,7,car,0.9645774960517883,"[924, 1, 44, 19]",15
668,96,5,car,0.9595077633857727,"[1072, 474, 255, 323]",15
669,96,9,car,0.8896317481994629,"[1028, 11, 69, 37]",15
670,96,11,car,0.8306980729103088,"[1163, 17, 72, 67]",15
671,96,12,person,0.6570912003517151,"[1869, 35, 43, 82]",15
672,96,1,truck,0.6334960460662842,"[1245, 121, 149, 121]",15
673,96,8,car,0.5727367401123047,"[1030, 2, 57, 23]",15
674,97,4,car,0.9929739236831665,"[1083, 553, 281, 334]",16
675,97,7,car,0.9651481509208679,"[924, 1, 46, 21]",16
676,97,14,car,0.9479653239250183,"[1041, 142, 99, 96]",16
677,97,10,car,0.9341230988502502,"[1164, 21, 75, 72]",16
678,97,8,car,0.8577783107757568,"[1029, 11, 68, 39]",16
679,97,12,person,0.7340912818908691,"[1869, 36, 44, 81]",16
680,97,1,car,0.6934685707092285,"[1259, 134, 147, 123]",16
681,98,9,car,0.9934292435646057,"[1112, 612, 309, 388]",20
682,98,17,car,0.983599841594696,"[1038, 150, 108, 100]",20
683,98,15,car,0.9735152125358582,"[1167, 28, 79, 71]",20
684,98,11,car,0.9688195586204529,"[921, 3, 50, 22]",20
685,98,13,car,0.8879286050796509,"[1028, 1, 70, 50]",20
686,98,3,car,0.779373824596405,"[1266, 139, 152, 129]",20
687,98,16,person,0.7259095311164856,"[1869, 35, 43, 82]",20
688,99,9,car,0.9733143448829651,"[1105, 638, 380, 425]",21
689,99,11,car,0.9732162952423096,"[920, 3, 53, 25]",21
690,99,15,car,0.9721580147743225,"[1170, 28, 84, 76]",21
691,99,19,car,0.9714716076850891,"[1044, 161, 110, 107]",21
692,99,7,car,0.9114952683448792,"[1274, 151, 161, 136]",21
693,99,13,car,0.8824012875556946,"[1034, 3, 64, 54]",21
694,99,17,person,0.7215874195098877,"[1869, 35, 43, 82]",21
695,100,1,car,0.9935342073440552,"[1032, 167, 140, 111]",16
696,100,11,car,0.968189537525177,"[1172, 29, 85, 81]",16
697,100,8,car,0.9627358913421631,"[920, 3, 52, 24]",16
698,100,3,car,0.8771831393241882,"[1281, 164, 176, 143]",16
699,100,10,car,0.8553193807601929,"[1035, 5, 63, 56]",16
700,100,6,car,0.8087884187698364,"[1127, 694, 374, 383]",16
701,100,13,person,0.7474822402000427,"[1869, 35, 43, 82]",16
702,101,0,car,0.9905338883399963,"[1029, 181, 150, 122]",16
703,101,13,car,0.9705299735069275,"[1179, 37, 83, 79]",16
704,101,9,car,0.9571619033813477,"[921, 2, 51, 26]",16
705,101,11,car,0.8799720406532288,"[1036, 5, 61, 59]",16
706,101,6,car,0.7841105461120605,"[1289, 174, 205, 155]",16
707,101,14,person,0.7502610087394714,"[1869, 34, 44, 83]",16
708,102,3,car,0.9938341975212097,"[1039, 199, 142, 115]",16
709,102,14,car,0.9658801555633545,"[1177, 43, 96, 83]",16
710,102,7,car,0.9340469241142273,"[922, 2, 49, 27]",16
711,102,9,car,0.8226166367530823,"[1035, 4, 62, 61]",16
712,102,13,person,0.7498589158058167,"[1870, 33, 43, 84]",16
713,102,5,truck,0.6766802072525024,"[1314, 189, 189, 161]",16
714,103,1,car,0.9978156685829163,"[1043, 210, 148, 124]",15
715,103,13,car,0.9876687526702881,"[1185, 49, 91, 79]",15
716,103,7,car,0.922481119632721,"[924, 7, 49, 32]",15
717,103,4,car,0.8178133964538574,"[1317, 206, 214, 171]",15
718,103,12,person,0.7350668907165527,"[1870, 33, 43, 85]",15
719,103,10,car,0.6932450532913208,"[1035, 14, 61, 62]",15
720,104,1,car,0.9957961440086365,"[1049, 232, 148, 125]",14
721,104,11,car,0.9891911149024963,"[1189, 55, 95, 83]",14
722,104,7,car,0.9610129594802856,"[923, 8, 51, 33]",14
723,104,2,car,0.8315428495407104,"[1338, 221, 210, 177]",14
724,104,8,car,0.7877231240272522,"[1035, 15, 64, 66]",14
725,104,10,person,0.7679691910743713,"[1869, 33, 44, 84]",14
726,104,6,car,0.6270349025726318,"[1029, 0, 53, 21]",14
727,105,1,car,0.9989897608757019,"[1047, 241, 161, 134]",22
728,105,18,car,0.9893319010734558,"[1191, 57, 103, 88]",22
729,105,14,car,0.9716693758964539,"[923, 10, 51, 33]",22
730,105,8,car,0.9497551918029785,"[1360, 240, 211, 201]",22
731,105,16,car,0.8959982991218567,"[1040, 21, 66, 62]",22
732,105,13,car,0.7266547083854675,"[1029, 0, 55, 21]",22
733,105,17,person,0.7208364009857178,"[1869, 32, 45, 85]",22
734,106,0,car,0.9983316659927368,"[1047, 252, 171, 149]",19
735,106,10,car,0.9705933332443237,"[922, 12, 53, 34]",19
736,106,7,car,0.9655407667160034,"[1387, 260, 213, 205]",19
737,106,16,car,0.9648182988166809,"[1196, 65, 106, 92]",19
738,106,12,car,0.8966934084892273,"[1041, 26, 63, 63]",19
739,106,9,car,0.7711343765258789,"[1031, 1, 56, 25]",19
740,106,14,person,0.7146000266075134,"[1868, 31, 45, 86]",19
741,107,0,car,0.9986096620559692,"[1055, 280, 180, 147]",17
742,107,8,car,0.9780734181404114,"[921, 11, 56, 38]",17
743,107,3,car,0.974266529083252,"[1399, 286, 263, 214]",17
744,107,12,car,0.9398227334022522,"[1041, 31, 66, 68]",17
745,107,16,car,0.9228612780570984,"[1206, 70, 102, 95]",17
746,107,7,car,0.8636526465415955,"[1026, 3, 64, 25]",17
747,107,13,person,0.7311000227928162,"[1868, 31, 45, 87]",17
748,107,6,car,0.5054448246955872,"[981, 0, 45, 12]",17
749,108,3,car,0.9979713559150696,"[1054, 295, 197, 171]",20
750,108,12,car,0.9780303239822388,"[920, 13, 55, 37]",20
751,108,8,car,0.9736358523368835,"[1415, 309, 278, 240]",20
752,108,15,car,0.9403776526451111,"[1040, 31, 71, 72]",20
753,108,18,car,0.9066327810287476,"[1207, 80, 110, 93]",20
754,108,11,car,0.8501133918762207,"[1029, 3, 64, 26]",20
755,108,10,car,0.7575433850288391,"[978, 0, 48, 12]",20
756,108,16,person,0.6743506789207458,"[1869, 30, 45, 89]",20
757,109,2,car,0.9984958171844482,"[1065, 313, 200, 187]",21
758,109,9,car,0.986469566822052,"[1436, 332, 314, 270]",21
759,109,14,car,0.9656921625137329,"[922, 14, 54, 38]",21
760,109,17,car,0.9459357857704163,"[1042, 37, 71, 70]",21
761,109,19,car,0.8022118210792542,"[1219, 87, 108, 96]",21
762,109,12,car,0.7784534692764282,"[980, 0, 46, 13]",21
763,109,13,car,0.7563484907150269,"[1025, 4, 72, 25]",21
764,109,18,person,0.5934690237045288,"[1870, 29, 44, 90]",21
765,110,3,car,0.9949882626533508,"[1070, 344, 205, 187]",25
766,110,11,car,0.9653392434120178,"[1465, 372, 336, 286]",25
767,110,19,car,0.9380411505699158,"[1044, 41, 68, 70]",25
768,110,16,car,0.9121187329292297,"[924, 14, 50, 38]",25
769,110,21,car,0.8562361598014832,"[1225, 91, 108, 99]",25
770,110,14,car,0.7455633878707886,"[980, 0, 46, 13]",25
771,110,15,car,0.5138678550720215,"[1023, 4, 74, 23]",25
772,111,6,car,0.9853347539901733,"[1092, 365, 196, 227]",23
773,111,0,car,0.9243050217628479,"[1483, 426, 397, 283]",23
774,111,19,car,0.9152423739433289,"[1043, 43, 67, 70]",23
775,111,18,car,0.8886078000068665,"[923, 27, 53, 35]",23
776,111,13,car,0.849452555179596,"[977, 0, 50, 17]",23
777,111,2,car,0.6639836430549622,"[1225, 96, 113, 110]",23
778,111,17,car,0.6617641448974609,"[1029, 0, 73, 48]",23
779,112,10,car,0.9886572957038879,"[1505, 451, 428, 354]",19
780,112,5,car,0.9854215979576111,"[1098, 394, 207, 245]",19
781,112,18,car,0.9321775436401367,"[1042, 52, 73, 74]",19
782,112,12,car,0.912758469581604,"[921, 17, 54, 37]",19
783,112,11,car,0.8784109950065613,"[978, 0, 49, 19]",19
784,112,14,car,0.7413652539253235,"[1032, 0, 69, 52]",19
785,112,1,truck,0.5510926246643066,"[1235, 100, 111, 120]",19
786,112,17,person,0.5181787014007568,"[1872, 30, 43, 88]",19
787,113,3,car,0.993407666683197,"[1096, 426, 238, 281]",17
788,113,6,car,0.9821069836616516,"[1581, 485, 339, 407]",17
789,113,13,car,0.965020477771759,"[920, 30, 56, 37]",17
790,113,15,car,0.9439584016799927,"[1045, 57, 74, 76]",17
791,113,9,car,0.9057917594909668,"[975, 0, 53, 21]",17
792,113,12,car,0.8667163848876953,"[1033, 4, 68, 51]",17
793,113,16,car,0.6048527359962463,"[1241, 125, 127, 100]",17
794,114,4,car,0.9918925166130066,"[1102, 482, 267, 297]",23
795,114,18,car,0.9708114862442017,"[918, 30, 58, 42]",23
796,114,9,car,0.9650582075119019,"[1616, 526, 300, 493]",23
797,114,22,car,0.9294846057891846,"[1044, 67, 81, 77]",23
798,114,13,car,0.9015575051307678,"[975, 1, 52, 22]",23
799,114,17,car,0.8254004716873169,"[1033, 7, 68, 52]",23
800,114,20,person,0.6505805253982544,"[1870, 29, 45, 88]",23
801,114,14,car,0.5658527612686157,"[1128, -1, 49, 11]",23
802,114,1,truck,0.5479186773300171,"[1242, 123, 151, 124]",23
803,115,8,car,0.9910209774971008,"[1130, 543, 270, 338]",22
804,115,21,car,0.9711151719093323,"[1041, 67, 92, 83]",22
805,115,16,car,0.9692039489746094,"[915, 29, 59, 43]",22
806,115,10,car,0.8975400328636169,"[1693, 601, 220, 416]",22
807,115,14,car,0.8865335583686829,"[1130, -1, 52, 14]",22
808,115,13,car,0.8761070966720581,"[973, 2, 56, 25]",22
809,115,1,car,0.8318266868591309,"[1250, 137, 160, 126]",22
810,115,15,car,0.802655816078186,"[1032, 6, 71, 60]",22
811,115,19,person,0.6110924482345581,"[1872, 28, 44, 90]",22
812,116,6,car,0.9866915345191956,"[1146, 602, 295, 391]",23
813,116,22,car,0.9792308807373047,"[1045, 74, 87, 83]",23
814,116,8,car,0.9340864419937134,"[1749, 662, 168, 387]",23
815,116,16,car,0.922946035861969,"[914, 32, 61, 41]",23
816,116,14,car,0.8786661028862,"[1132, -1, 52, 15]",23
817,116,18,car,0.8697681427001953,"[1027, 16, 82, 60]",23
818,116,11,car,0.8595407605171204,"[973, 3, 57, 26]",23
819,116,3,car,0.8390294909477234,"[1265, 145, 146, 137]",23
820,116,21,person,0.7709145545959473,"[1872, 30, 44, 88]",23
821,116,12,car,0.6415181159973145,"[1033, 2, 60, 22]",23
822,117,22,car,0.9807403087615967,"[1047, 79, 86, 81]",24
823,117,5,car,0.9493621587753296,"[1139, 643, 341, 424]",24
824,117,17,car,0.9301595091819763,"[1026, 16, 83, 62]",24
825,117,12,car,0.9200761318206787,"[1138, 0, 47, 16]",24
826,117,15,car,0.9174617528915405,"[916, 34, 58, 40]",24
827,117,3,car,0.9028205871582031,"[1269, 160, 154, 133]",24
828,117,21,person,0.8331392407417297,"[1872, 30, 44, 88]",24
829,117,9,car,0.746974527835846,"[968, 3, 44, 25]",24
830,117,11,car,0.5479579567909241,"[1057, 3, 46, 18]",24
831,118,17,car,0.9878835678100586,"[1046, 87, 93, 89]",18
832,118,12,car,0.9335812926292419,"[1033, 18, 77, 66]",18
833,118,14,car,0.9242519736289978,"[911, 38, 68, 53]",18
834,118,7,car,0.9177351593971252,"[1140, 0, 45, 17]",18
835,118,15,person,0.859279453754425,"[1873, 31, 43, 87]",18
836,118,1,car,0.8077273368835449,"[1277, 169, 174, 144]",18
837,118,4,car,0.7915412187576294,"[1171, 697, 373, 389]",18
838,118,5,car,0.6864915490150452,"[968, 3, 45, 26]",18
839,118,6,car,0.5661659240722656,"[1058, 5, 45, 19]",18
840,119,14,car,0.9910701513290405,"[1047, 91, 92, 91]",16
841,119,12,car,0.9644420146942139,"[910, 41, 68, 56]",16
842,119,10,car,0.9501293301582336,"[1035, 16, 74, 71]",16
843,119,7,car,0.9460873603820801,"[1140, 0, 48, 20]",16
844,119,8,car,0.8701756596565247,"[968, 8, 48, 34]",16
845,119,13,person,0.867024302482605,"[1873, 34, 43, 84]",16
846,119,0,car,0.8195990324020386,"[1154, 798, 469, 275]",16
847,119,3,car,0.6851586699485779,"[1276, 177, 205, 160]",16
848,119,6,car,0.5168068408966064,"[1057, 5, 44, 18]",16
849,120,14,car,0.9772826433181763,"[909, 44, 69, 56]",19
850,120,17,car,0.9758751392364502,"[1049, 95, 96, 93]",19
851,120,12,car,0.9223099946975708,"[1035, 18, 75, 72]",19
852,120,8,car,0.9222704172134399,"[1140, 2, 55, 21]",19
853,120,9,car,0.9056631922721863,"[968, 7, 48, 36]",19
854,120,16,person,0.8518518209457397,"[1873, 35, 44, 82]",19
855,120,0,car,0.6989956498146057,"[1154, 901, 513, 170]",19
856,120,2,truck,0.6664093732833862,"[1285, 197, 224, 159]",19
857,121,18,car,0.9868331551551819,"[1048, 105, 102, 102]",21
858,121,15,car,0.9447624683380127,"[1034, 34, 81, 66]",21
859,121,9,car,0.9291614890098572,"[1142, 3, 56, 24]",21
860,121,10,car,0.9256667494773865,"[969, 8, 47, 36]",21
861,121,14,car,0.9125115275382996,"[910, 45, 66, 58]",21
862,121,5,car,0.8582895994186401,"[1309, 210, 206, 178]",21
863,121,16,person,0.8298840522766113,"[1873, 34, 43, 83]",21
864,121,11,car,0.7290659546852112,"[1044, 13, 66, 34]",21
865,122,18,car,0.979553759098053,"[1051, 107, 104, 107]",22
866,122,14,car,0.9748972058296204,"[1030, 35, 91, 69]",22
867,122,9,car,0.9694761037826538,"[967, 7, 49, 42]",22
868,122,8,car,0.938713788986206,"[1143, 1, 59, 29]",22
869,122,13,car,0.9161081910133362,"[909, 51, 73, 55]",22
870,122,5,car,0.8072039484977722,"[1326, 245, 222, 178]",22
871,122,16,person,0.8017728924751282,"[1873, 32, 43, 85]",22
872,122,10,car,0.7726382613182068,"[1041, 17, 71, 34]",22
873,123,13,car,0.9828780889511108,"[902, 59, 78, 59]",17
874,123,7,car,0.9690839052200317,"[967, 9, 48, 41]",17
875,123,11,car,0.966921865940094,"[1032, 32, 90, 75]",17
876,123,15,car,0.9131155014038086,"[1052, 115, 103, 119]",17
877,123,6,car,0.8897024989128113,"[1144, 0, 62, 32]",17
878,123,2,car,0.8730706572532654,"[1347, 255, 226, 179]",17
879,123,12,person,0.8195637464523315,"[1874, 31, 43, 86]",17
880,123,8,car,0.7457059621810913,"[1046, 19, 64, 33]",17
881,124,15,car,0.9890448451042175,"[902, 62, 79, 62]",19
882,124,13,car,0.9739523530006409,"[1039, 29, 85, 80]",19
883,124,10,car,0.9716475009918213,"[966, 11, 47, 39]",19
884,124,8,car,0.9556237459182739,"[1364, 274, 238, 207]",19
885,124,1,car,0.9059256911277771,"[1054, 126, 110, 112]",19
886,124,14,person,0.8540416955947876,"[1874, 31, 42, 85]",19
887,124,9,car,0.6240540146827698,"[1145, 0, 61, 33]",19
888,125,11,car,0.9907407164573669,"[901, 65, 78, 66]",14
889,125,3,car,0.9779353141784668,"[1386, 305, 267, 222]",14
890,125,4,car,0.9719980359077454,"[965, 13, 48, 37]",14
891,125,9,car,0.9694983959197998,"[1039, 28, 87, 84]",14
892,125,1,car,0.9675483703613281,"[1052, 136, 119, 114]",14
893,125,10,person,0.8609906435012817,"[1875, 31, 41, 86]",14
894,125,5,car,0.7066400647163391,"[1149, -1, 71, 48]",14
895,126,8,car,0.9897904992103577,"[1402, 329, 304, 262]",18
896,126,15,car,0.983590841293335,"[902, 66, 76, 69]",18
897,126,13,car,0.9762887954711914,"[1039, 33, 90, 85]",18
898,126,9,car,0.9722009897232056,"[964, 13, 48, 42]",18
899,126,4,car,0.9423280954360962,"[1054, 151, 122, 118]",18
900,126,10,car,0.9131795763969421,"[1155, 0, 69, 47]",18
901,126,14,person,0.8784666657447815,"[1875, 32, 41, 84]",18
902,127,6,car,0.9902070164680481,"[1413, 360, 337, 280]",17
903,127,16,car,0.9891102910041809,"[900, 72, 83, 73]",17
904,127,15,car,0.9731873869895935,"[1037, 44, 98, 86]",17
905,127,10,car,0.9546979069709778,"[963, 25, 49, 45]",17
906,127,4,car,0.9481651782989502,"[1057, 155, 121, 128]",17
907,127,13,person,0.8972334861755371,"[1875, 32, 41, 85]",17
908,127,9,car,0.8597908020019531,"[1155, 2, 69, 49]",17
909,128,15,car,0.9935457110404968,"[898, 78, 85, 73]",16
910,128,10,car,0.9799923300743103,"[958, 22, 54, 51]",16
911,128,9,car,0.9775736331939697,"[1157, 4, 72, 51]",16
912,128,2,car,0.9773662686347961,"[1059, 165, 128, 134]",16
913,128,14,car,0.9762303233146667,"[1037, 41, 100, 97]",16
914,128,6,car,0.9451995491981506,"[1444, 394, 374, 302]",16
915,128,13,person,0.867904782295227,"[1876, 31, 40, 86]",16
916,129,15,car,0.9890940189361572,"[900, 81, 77, 74]",18
917,129,11,car,0.9854649901390076,"[955, 26, 53, 48]",18
918,129,1,car,0.9840066432952881,"[1486, 449, 412, 315]",18
919,129,14,car,0.978567361831665,"[1042, 49, 97, 96]",18
920,129,10,car,0.9338813424110413,"[1161, 5, 72, 53]",18
921,129,13,person,0.865869402885437,"[1875, 30, 41, 87]",18
922,129,3,car,0.8362884521484375,"[1055, 178, 143, 148]",18
923,130,7,car,0.9932405948638916,"[1505, 471, 428, 407]",17
924,130,16,car,0.9818422198295593,"[894, 91, 88, 76]",17
925,130,11,car,0.9663075804710388,"[948, 28, 64, 54]",17
926,130,13,car,0.9465460181236267,"[1042, 51, 98, 99]",17
927,130,9,car,0.8924084305763245,"[1164, 7, 74, 55]",17
928,130,4,truck,0.8133396506309509,"[1062, 185, 141, 152]",17
929,130,12,person,0.7151358127593994,"[1877, 33, 39, 85]",17
930,131,15,car,0.9875907897949219,"[893, 96, 87, 81]",17
931,131,5,car,0.9870696663856506,"[1585, 524, 328, 471]",17
932,131,9,car,0.9767513275146484,"[949, 32, 62, 54]",17
933,131,14,car,0.9291779398918152,"[1044, 55, 98, 109]",17
934,131,10,car,0.8415237665176392,"[1170, 14, 71, 57]",17
935,131,3,car,0.8056256771087646,"[1063, 217, 144, 154]",17
